sample_id,blocking_violation_count,warning_violation_count,authorization_status_score,authorization_out_of_scope,rag_evidence_count,law_of_war_rule_hit,label
compliance-reference-0001,1.0,3.0,0.914463,0.0,2.0,1.0,1
compliance-reference-0002,0.0,4.0,0.121721,1.0,0.0,0.0,0
compliance-reference-0003,1.0,3.0,0.915326,1.0,4.0,1.0,1
compliance-reference-0004,0.0,2.0,0.734298,1.0,3.0,0.0,1
compliance-reference-0005,2.0,1.0,0.443875,1.0,3.0,1.0,1
compliance-reference-0006,1.0,1.0,0.83837,0.0,1.0,1.0,1
compliance-reference-0007,2.0,0.0,0.032904,1.0,5.0,0.0,1
compliance-reference-0008,0.0,4.0,0.166275,0.0,0.0,1.0,0
compliance-reference-0009,2.0,2.0,0.269398,0.0,4.0,0.0,1
compliance-reference-0010,1.0,1.0,0.963655,0.0,0.0,0.0,0
compliance-reference-0011,0.0,0.0,0.351477,0.0,0.0,0.0,0
compliance-reference-0012,0.0,4.0,0.206725,0.0,2.0,1.0,0
compliance-reference-0013,0.0,2.0,0.909762,0.0,0.0,0.0,0
compliance-reference-0014,0.0,2.0,0.992123,0.0,0.0,0.0,0
compliance-reference-0015,1.0,3.0,0.869469,0.0,4.0,0.0,1
compliance-reference-0016,0.0,0.0,0.573389,1.0,2.0,1.0,0
compliance-reference-0017,0.0,1.0,0.319341,1.0,5.0,0.0,0
compliance-reference-0018,0.0,1.0,0.055322,1.0,4.0,0.0,0
compliance-reference-0019,0.0,3.0,0.948119,0.0,5.0,0.0,0
compliance-reference-0020,0.0,3.0,0.580515,0.0,3.0,1.0,0
compliance-reference-0021,2.0,0.0,0.621725,0.0,1.0,1.0,1
compliance-reference-0022,1.0,2.0,0.419674,0.0,4.0,1.0,1
compliance-reference-0023,0.0,0.0,0.0264,0.0,0.0,0.0,0
compliance-reference-0024,1.0,3.0,0.150759,0.0,2.0,0.0,0
compliance-reference-0025,1.0,1.0,0.570204,0.0,3.0,0.0,0
compliance-reference-0026,1.0,4.0,0.49159,1.0,3.0,0.0,1
compliance-reference-0027,1.0,1.0,0.389148,0.0,5.0,1.0,1
compliance-reference-0028,2.0,4.0,0.500173,0.0,4.0,0.0,1
compliance-reference-0029,1.0,0.0,0.855402,1.0,2.0,0.0,1
compliance-reference-0030,1.0,4.0,0.076386,0.0,2.0,0.0,0
compliance-reference-0031,2.0,2.0,0.502809,0.0,4.0,0.0,1
compliance-reference-0032,1.0,2.0,0.368983,1.0,5.0,1.0,1
compliance-reference-0033,0.0,1.0,0.277616,1.0,0.0,0.0,0
compliance-reference-0034,0.0,3.0,0.764288,0.0,4.0,0.0,0
compliance-reference-0035,0.0,0.0,0.897292,0.0,5.0,1.0,0
compliance-reference-0036,1.0,0.0,0.44617,0.0,1.0,0.0,0
compliance-reference-0037,2.0,1.0,0.100546,0.0,0.0,1.0,1
compliance-reference-0038,1.0,1.0,0.194203,0.0,4.0,0.0,0
compliance-reference-0039,2.0,1.0,0.746611,0.0,3.0,0.0,1
compliance-reference-0040,1.0,2.0,0.273487,0.0,0.0,0.0,1
compliance-reference-0041,1.0,4.0,0.775299,1.0,0.0,1.0,1
compliance-reference-0042,2.0,2.0,0.891916,0.0,4.0,1.0,1
compliance-reference-0043,2.0,1.0,0.115239,0.0,4.0,1.0,1
compliance-reference-0044,1.0,0.0,0.726226,1.0,5.0,1.0,1
compliance-reference-0045,1.0,2.0,0.737217,0.0,4.0,0.0,1
compliance-reference-0046,0.0,2.0,0.160471,0.0,2.0,1.0,0
compliance-reference-0047,1.0,2.0,0.164726,0.0,4.0,0.0,1
compliance-reference-0048,1.0,1.0,0.418193,1.0,3.0,0.0,1
compliance-reference-0049,1.0,4.0,0.412726,1.0,1.0,0.0,1
compliance-reference-0050,0.0,0.0,0.155585,0.0,0.0,0.0,0
compliance-reference-0051,2.0,2.0,0.152134,0.0,1.0,0.0,1
compliance-reference-0052,0.0,1.0,0.06995,0.0,1.0,0.0,0
compliance-reference-0053,0.0,0.0,0.135805,0.0,1.0,1.0,0
compliance-reference-0054,0.0,0.0,0.821673,0.0,1.0,1.0,0
compliance-reference-0055,1.0,0.0,0.161183,0.0,3.0,0.0,0
compliance-reference-0056,2.0,0.0,0.713917,0.0,1.0,0.0,1
compliance-reference-0057,2.0,1.0,0.48119,0.0,1.0,0.0,1
compliance-reference-0058,1.0,2.0,0.280172,0.0,2.0,1.0,1
compliance-reference-0059,2.0,3.0,0.382937,0.0,2.0,1.0,1
compliance-reference-0060,0.0,3.0,0.341959,1.0,3.0,0.0,0
compliance-reference-0061,0.0,2.0,0.274052,0.0,2.0,1.0,0
compliance-reference-0062,0.0,2.0,0.69926,0.0,1.0,1.0,0
compliance-reference-0063,1.0,0.0,0.566195,0.0,5.0,0.0,0
compliance-reference-0064,0.0,3.0,0.38649,0.0,0.0,0.0,0
compliance-reference-0065,1.0,3.0,0.400776,1.0,5.0,1.0,1
compliance-reference-0066,2.0,0.0,0.130315,0.0,3.0,1.0,1
compliance-reference-0067,1.0,1.0,0.423537,0.0,5.0,1.0,1
compliance-reference-0068,1.0,0.0,0.979128,0.0,1.0,1.0,0
compliance-reference-0069,2.0,2.0,0.007313,1.0,5.0,0.0,1
compliance-reference-0070,2.0,0.0,0.614178,0.0,5.0,0.0,1
compliance-reference-0071,1.0,4.0,0.269603,1.0,4.0,0.0,1
compliance-reference-0072,1.0,0.0,0.941626,0.0,4.0,0.0,0
compliance-reference-0073,0.0,2.0,0.651183,0.0,2.0,0.0,0
compliance-reference-0074,2.0,1.0,0.824291,0.0,5.0,1.0,1
compliance-reference-0075,0.0,4.0,0.922054,0.0,2.0,0.0,0
compliance-reference-0076,1.0,1.0,0.708412,0.0,5.0,1.0,1
compliance-reference-0077,2.0,2.0,0.409822,1.0,0.0,0.0,1
compliance-reference-0078,0.0,3.0,0.862374,0.0,5.0,0.0,0
compliance-reference-0079,1.0,0.0,0.560144,0.0,0.0,0.0,0
compliance-reference-0080,2.0,4.0,0.687493,1.0,0.0,0.0,1
compliance-reference-0081,2.0,0.0,0.346787,1.0,1.0,0.0,1
compliance-reference-0082,2.0,2.0,0.217677,1.0,3.0,0.0,1
compliance-reference-0083,2.0,1.0,0.704,0.0,4.0,0.0,1
compliance-reference-0084,2.0,3.0,0.01401,0.0,5.0,1.0,1
compliance-reference-0085,2.0,0.0,0.8187,1.0,2.0,0.0,1
compliance-reference-0086,1.0,3.0,0.796211,0.0,5.0,0.0,1
compliance-reference-0087,0.0,0.0,0.966023,0.0,1.0,1.0,0
compliance-reference-0088,1.0,2.0,0.062593,0.0,2.0,0.0,0
compliance-reference-0089,1.0,0.0,0.168929,0.0,2.0,0.0,0
compliance-reference-0090,2.0,0.0,0.669421,0.0,4.0,0.0,1
compliance-reference-0091,1.0,0.0,0.597413,0.0,0.0,0.0,0
compliance-reference-0092,1.0,1.0,0.209752,0.0,3.0,0.0,0
compliance-reference-0093,2.0,1.0,0.835486,0.0,0.0,0.0,1
compliance-reference-0094,1.0,1.0,0.036551,1.0,0.0,0.0,0
compliance-reference-0095,1.0,3.0,0.657096,0.0,0.0,1.0,1
compliance-reference-0096,1.0,0.0,0.266638,0.0,2.0,0.0,0
compliance-reference-0097,1.0,3.0,0.049136,0.0,3.0,0.0,1
compliance-reference-0098,0.0,4.0,0.066578,0.0,0.0,0.0,0
compliance-reference-0099,0.0,3.0,0.82489,0.0,3.0,0.0,0
compliance-reference-0100,1.0,3.0,0.85656,0.0,0.0,1.0,1
compliance-reference-0101,0.0,4.0,0.417736,0.0,5.0,1.0,1
compliance-reference-0102,0.0,0.0,0.167581,0.0,5.0,0.0,0
compliance-reference-0103,0.0,1.0,0.675641,0.0,1.0,0.0,0
compliance-reference-0104,1.0,4.0,0.177979,0.0,4.0,1.0,1
compliance-reference-0105,1.0,3.0,0.366736,0.0,3.0,0.0,1
compliance-reference-0106,2.0,1.0,0.532608,0.0,1.0,1.0,1
compliance-reference-0107,1.0,0.0,0.382658,1.0,3.0,0.0,1
compliance-reference-0108,1.0,4.0,0.598206,0.0,4.0,0.0,1
compliance-reference-0109,2.0,1.0,0.680979,0.0,1.0,0.0,1
compliance-reference-0110,0.0,4.0,0.589388,0.0,2.0,0.0,0
compliance-reference-0111,1.0,2.0,0.671936,0.0,2.0,0.0,1
compliance-reference-0112,0.0,0.0,0.641809,0.0,5.0,0.0,0
compliance-reference-0113,2.0,3.0,0.952712,0.0,1.0,0.0,1
compliance-reference-0114,2.0,0.0,0.072827,1.0,3.0,0.0,1
compliance-reference-0115,0.0,3.0,0.378645,0.0,0.0,0.0,0
compliance-reference-0116,1.0,3.0,0.389331,0.0,4.0,0.0,1
compliance-reference-0117,2.0,0.0,0.88157,0.0,2.0,0.0,1
compliance-reference-0118,0.0,3.0,0.946483,0.0,2.0,0.0,0
compliance-reference-0119,1.0,2.0,0.185424,1.0,2.0,1.0,1
compliance-reference-0120,1.0,1.0,0.681241,0.0,0.0,0.0,0
compliance-reference-0121,2.0,3.0,0.893323,0.0,5.0,0.0,1
compliance-reference-0122,0.0,4.0,0.30951,0.0,0.0,0.0,0
compliance-reference-0123,1.0,3.0,0.419075,0.0,4.0,0.0,1
compliance-reference-0124,2.0,2.0,0.607959,0.0,3.0,0.0,1
compliance-reference-0125,2.0,3.0,0.68529,0.0,5.0,1.0,1
compliance-reference-0126,0.0,0.0,0.053854,1.0,5.0,0.0,0
compliance-reference-0127,1.0,0.0,0.387635,0.0,5.0,1.0,0
compliance-reference-0128,1.0,0.0,0.359315,0.0,0.0,0.0,0
compliance-reference-0129,0.0,3.0,0.705853,0.0,0.0,0.0,0
compliance-reference-0130,2.0,1.0,0.302399,0.0,2.0,0.0,1
compliance-reference-0131,2.0,1.0,0.642948,0.0,5.0,1.0,1
compliance-reference-0132,0.0,2.0,0.952581,1.0,5.0,0.0,0
compliance-reference-0133,2.0,2.0,0.984487,0.0,4.0,0.0,1
compliance-reference-0134,0.0,2.0,0.156466,0.0,0.0,0.0,0
compliance-reference-0135,1.0,0.0,0.025716,0.0,2.0,1.0,1
compliance-reference-0136,1.0,1.0,0.051064,0.0,3.0,0.0,0
compliance-reference-0137,2.0,1.0,0.99566,0.0,0.0,0.0,1
compliance-reference-0138,2.0,1.0,0.529861,0.0,0.0,0.0,1
compliance-reference-0139,2.0,1.0,0.836162,0.0,4.0,0.0,1
compliance-reference-0140,1.0,0.0,0.377468,0.0,0.0,0.0,0
compliance-reference-0141,0.0,2.0,0.448557,0.0,0.0,1.0,0
compliance-reference-0142,2.0,3.0,0.650285,0.0,0.0,0.0,1
compliance-reference-0143,1.0,0.0,0.010062,0.0,2.0,1.0,0
compliance-reference-0144,1.0,2.0,0.317724,0.0,1.0,1.0,1
compliance-reference-0145,2.0,3.0,0.404051,1.0,1.0,1.0,1
compliance-reference-0146,1.0,4.0,0.481586,1.0,0.0,1.0,1
compliance-reference-0147,1.0,0.0,0.429825,0.0,5.0,1.0,1
compliance-reference-0148,2.0,4.0,0.620624,0.0,1.0,0.0,1
compliance-reference-0149,1.0,3.0,0.551903,0.0,5.0,1.0,1
compliance-reference-0150,1.0,3.0,0.324923,0.0,3.0,0.0,1
compliance-reference-0151,1.0,0.0,0.759602,0.0,1.0,1.0,0
compliance-reference-0152,1.0,1.0,0.691054,0.0,4.0,0.0,1
compliance-reference-0153,1.0,0.0,0.915316,0.0,4.0,0.0,0
compliance-reference-0154,0.0,3.0,0.448934,0.0,1.0,1.0,0
compliance-reference-0155,1.0,2.0,0.551369,1.0,0.0,1.0,1
compliance-reference-0156,0.0,1.0,0.637661,0.0,1.0,0.0,0
compliance-reference-0157,2.0,0.0,0.102393,0.0,5.0,0.0,1
compliance-reference-0158,0.0,0.0,0.721592,0.0,2.0,0.0,0
compliance-reference-0159,2.0,1.0,0.433334,0.0,3.0,0.0,1
compliance-reference-0160,0.0,1.0,0.437124,0.0,1.0,1.0,0
compliance-reference-0161,2.0,3.0,0.167742,1.0,3.0,1.0,1
compliance-reference-0162,2.0,1.0,0.115018,0.0,1.0,0.0,1
compliance-reference-0163,2.0,2.0,0.010769,0.0,4.0,0.0,1
compliance-reference-0164,0.0,2.0,0.053496,0.0,0.0,0.0,0
compliance-reference-0165,1.0,3.0,0.403823,0.0,0.0,1.0,1
compliance-reference-0166,0.0,0.0,0.727988,1.0,4.0,0.0,0
compliance-reference-0167,0.0,4.0,0.486102,0.0,5.0,1.0,0
compliance-reference-0168,2.0,3.0,0.984269,0.0,1.0,1.0,1
compliance-reference-0169,1.0,0.0,0.61933,0.0,2.0,0.0,0
compliance-reference-0170,2.0,0.0,0.566564,0.0,3.0,0.0,1
compliance-reference-0171,0.0,3.0,0.824077,0.0,5.0,0.0,0
compliance-reference-0172,2.0,4.0,0.77473,0.0,3.0,1.0,1
compliance-reference-0173,1.0,2.0,0.843215,0.0,5.0,0.0,1
compliance-reference-0174,2.0,0.0,0.391793,0.0,2.0,0.0,1
compliance-reference-0175,2.0,1.0,0.00697,0.0,0.0,0.0,1
compliance-reference-0176,2.0,1.0,0.438154,0.0,0.0,0.0,1
compliance-reference-0177,1.0,4.0,0.491367,0.0,2.0,0.0,1
compliance-reference-0178,1.0,2.0,0.557366,0.0,2.0,0.0,1
compliance-reference-0179,2.0,0.0,0.584931,0.0,2.0,0.0,1
compliance-reference-0180,1.0,4.0,0.782145,0.0,2.0,1.0,1
compliance-reference-0181,2.0,1.0,0.541265,0.0,0.0,0.0,1
compliance-reference-0182,2.0,0.0,0.698537,1.0,5.0,0.0,1
compliance-reference-0183,0.0,1.0,0.842787,0.0,4.0,1.0,0
compliance-reference-0184,1.0,2.0,0.22936,1.0,4.0,0.0,1
compliance-reference-0185,1.0,0.0,0.981629,0.0,2.0,0.0,0
compliance-reference-0186,2.0,1.0,0.822497,1.0,1.0,0.0,1
compliance-reference-0187,1.0,1.0,0.551146,0.0,4.0,0.0,0
compliance-reference-0188,1.0,3.0,0.052829,0.0,4.0,0.0,1
compliance-reference-0189,0.0,0.0,0.322521,0.0,3.0,0.0,0
compliance-reference-0190,2.0,2.0,0.013802,0.0,4.0,0.0,1
compliance-reference-0191,1.0,0.0,0.691219,0.0,3.0,0.0,0
compliance-reference-0192,1.0,0.0,0.526625,0.0,2.0,0.0,0
compliance-reference-0193,1.0,3.0,0.166219,0.0,3.0,0.0,0
compliance-reference-0194,0.0,2.0,0.804325,0.0,5.0,0.0,0
compliance-reference-0195,1.0,1.0,0.277644,0.0,2.0,0.0,0
compliance-reference-0196,2.0,2.0,0.764898,1.0,0.0,0.0,1
compliance-reference-0197,0.0,2.0,0.545434,0.0,1.0,0.0,0
compliance-reference-0198,2.0,0.0,0.413748,1.0,2.0,1.0,1
compliance-reference-0199,2.0,1.0,0.768352,0.0,3.0,0.0,1
compliance-reference-0200,2.0,4.0,0.708573,1.0,0.0,0.0,1
compliance-reference-0201,0.0,4.0,0.089744,1.0,1.0,1.0,1
compliance-reference-0202,0.0,3.0,0.971453,1.0,3.0,0.0,1
compliance-reference-0203,0.0,3.0,0.093461,0.0,5.0,1.0,0
compliance-reference-0204,2.0,2.0,0.579044,1.0,0.0,0.0,1
compliance-reference-0205,0.0,1.0,0.506627,0.0,2.0,1.0,0
compliance-reference-0206,0.0,1.0,0.807571,0.0,1.0,0.0,0
compliance-reference-0207,2.0,1.0,0.319219,1.0,3.0,0.0,1
compliance-reference-0208,2.0,2.0,0.228579,0.0,1.0,0.0,1
compliance-reference-0209,1.0,3.0,0.367035,0.0,1.0,0.0,1
compliance-reference-0210,0.0,2.0,0.593407,0.0,0.0,0.0,0
compliance-reference-0211,2.0,4.0,0.919056,0.0,4.0,0.0,1
compliance-reference-0212,1.0,1.0,0.61255,0.0,0.0,0.0,0
compliance-reference-0213,2.0,0.0,0.291085,0.0,1.0,0.0,1
compliance-reference-0214,2.0,4.0,0.696436,0.0,5.0,0.0,1
compliance-reference-0215,0.0,0.0,0.349906,0.0,2.0,0.0,0
compliance-reference-0216,2.0,1.0,0.080729,0.0,0.0,0.0,1
compliance-reference-0217,0.0,0.0,0.673187,1.0,2.0,1.0,0
compliance-reference-0218,1.0,4.0,0.769963,1.0,4.0,0.0,1
compliance-reference-0219,2.0,2.0,0.832949,0.0,4.0,0.0,1
compliance-reference-0220,2.0,2.0,0.120914,0.0,2.0,1.0,1
compliance-reference-0221,1.0,0.0,0.844338,0.0,0.0,1.0,0
compliance-reference-0222,0.0,4.0,0.167941,1.0,2.0,0.0,1
compliance-reference-0223,0.0,1.0,0.606242,0.0,0.0,0.0,0
compliance-reference-0224,2.0,3.0,0.935295,1.0,0.0,0.0,1
compliance-reference-0225,2.0,1.0,0.190608,1.0,3.0,0.0,1
compliance-reference-0226,2.0,3.0,0.741185,0.0,2.0,0.0,1
compliance-reference-0227,2.0,4.0,0.561929,0.0,2.0,0.0,1
compliance-reference-0228,1.0,3.0,0.074652,0.0,2.0,0.0,0
compliance-reference-0229,1.0,3.0,0.519162,1.0,1.0,0.0,1
compliance-reference-0230,0.0,0.0,0.375564,0.0,1.0,0.0,0
compliance-reference-0231,0.0,2.0,0.272838,0.0,2.0,0.0,0
compliance-reference-0232,2.0,0.0,0.583534,0.0,3.0,0.0,1
compliance-reference-0233,0.0,3.0,0.721628,0.0,3.0,0.0,0
compliance-reference-0234,0.0,0.0,0.697833,0.0,4.0,1.0,0
compliance-reference-0235,0.0,0.0,0.466565,1.0,2.0,1.0,0
compliance-reference-0236,2.0,2.0,0.301245,0.0,2.0,0.0,1
compliance-reference-0237,0.0,1.0,0.11303,0.0,1.0,0.0,0
compliance-reference-0238,1.0,4.0,0.618538,0.0,3.0,1.0,1
compliance-reference-0239,0.0,0.0,0.074008,0.0,2.0,0.0,0
compliance-reference-0240,2.0,4.0,0.687918,0.0,4.0,1.0,1
compliance-reference-0241,0.0,1.0,0.357833,0.0,0.0,0.0,0
compliance-reference-0242,1.0,4.0,0.069819,0.0,2.0,0.0,1
compliance-reference-0243,1.0,4.0,0.585825,0.0,1.0,0.0,1
compliance-reference-0244,0.0,4.0,0.592067,0.0,1.0,0.0,0
compliance-reference-0245,1.0,3.0,0.429735,1.0,1.0,0.0,1
compliance-reference-0246,1.0,2.0,0.657869,1.0,5.0,0.0,1
compliance-reference-0247,2.0,0.0,0.494066,0.0,2.0,0.0,1
compliance-reference-0248,2.0,0.0,0.030931,0.0,1.0,1.0,1
compliance-reference-0249,2.0,4.0,0.688993,0.0,4.0,0.0,1
compliance-reference-0250,1.0,2.0,0.192821,0.0,4.0,0.0,1
compliance-reference-0251,0.0,2.0,0.023064,0.0,2.0,0.0,0
compliance-reference-0252,0.0,3.0,0.452212,0.0,1.0,0.0,0
compliance-reference-0253,0.0,0.0,0.383081,0.0,0.0,0.0,0
compliance-reference-0254,1.0,2.0,0.063427,0.0,0.0,0.0,0
compliance-reference-0255,1.0,4.0,0.152974,1.0,4.0,0.0,1
compliance-reference-0256,1.0,2.0,0.823114,0.0,2.0,1.0,1
compliance-reference-0257,0.0,2.0,0.816298,0.0,1.0,0.0,0
compliance-reference-0258,1.0,3.0,0.27919,0.0,0.0,0.0,1
compliance-reference-0259,1.0,3.0,0.538593,0.0,0.0,1.0,1
compliance-reference-0260,2.0,1.0,0.406475,0.0,0.0,1.0,1
compliance-reference-0261,0.0,1.0,0.703767,1.0,2.0,0.0,0
compliance-reference-0262,2.0,1.0,0.228605,0.0,4.0,0.0,1
compliance-reference-0263,0.0,2.0,0.074439,0.0,0.0,0.0,0
compliance-reference-0264,0.0,2.0,0.80641,0.0,5.0,0.0,0
compliance-reference-0265,1.0,1.0,0.262684,0.0,4.0,1.0,1
compliance-reference-0266,1.0,2.0,0.698625,0.0,4.0,0.0,1
compliance-reference-0267,1.0,2.0,0.756219,0.0,1.0,1.0,1
compliance-reference-0268,1.0,2.0,0.404126,0.0,1.0,0.0,0
compliance-reference-0269,2.0,3.0,0.373259,1.0,1.0,0.0,1
compliance-reference-0270,1.0,3.0,0.75397,1.0,0.0,1.0,1
compliance-reference-0271,1.0,3.0,0.718096,0.0,1.0,0.0,1
compliance-reference-0272,0.0,2.0,0.090016,0.0,0.0,1.0,0
compliance-reference-0273,1.0,2.0,0.93028,0.0,5.0,1.0,1
compliance-reference-0274,2.0,1.0,0.057408,1.0,2.0,1.0,1
compliance-reference-0275,0.0,0.0,0.606003,1.0,4.0,1.0,0
compliance-reference-0276,0.0,1.0,0.584213,0.0,4.0,0.0,0
compliance-reference-0277,1.0,2.0,0.16,0.0,3.0,0.0,1
compliance-reference-0278,0.0,2.0,0.60756,1.0,1.0,0.0,0
compliance-reference-0279,1.0,3.0,0.450554,0.0,0.0,0.0,0
compliance-reference-0280,1.0,4.0,0.733876,0.0,1.0,1.0,1
compliance-reference-0281,0.0,3.0,0.508488,0.0,4.0,1.0,1
compliance-reference-0282,0.0,2.0,0.535618,0.0,1.0,1.0,0
compliance-reference-0283,2.0,2.0,0.552666,0.0,4.0,0.0,1
compliance-reference-0284,1.0,0.0,0.928882,0.0,0.0,1.0,1
compliance-reference-0285,1.0,2.0,0.042928,1.0,5.0,0.0,1
compliance-reference-0286,1.0,0.0,0.379534,1.0,4.0,0.0,1
compliance-reference-0287,1.0,1.0,0.38105,0.0,4.0,0.0,0
compliance-reference-0288,0.0,4.0,0.84211,0.0,3.0,0.0,0
compliance-reference-0289,1.0,1.0,0.161586,0.0,2.0,0.0,0
compliance-reference-0290,1.0,3.0,0.155411,1.0,3.0,0.0,1
compliance-reference-0291,1.0,3.0,0.068882,0.0,4.0,0.0,1
compliance-reference-0292,0.0,0.0,0.761918,0.0,3.0,1.0,0
compliance-reference-0293,1.0,1.0,0.081231,0.0,1.0,0.0,0
compliance-reference-0294,2.0,0.0,0.791986,0.0,4.0,0.0,1
compliance-reference-0295,2.0,0.0,0.431766,0.0,4.0,0.0,1
compliance-reference-0296,0.0,4.0,0.351891,0.0,1.0,0.0,0
compliance-reference-0297,1.0,4.0,0.286516,1.0,1.0,1.0,1
compliance-reference-0298,2.0,1.0,0.302774,0.0,4.0,0.0,1
compliance-reference-0299,2.0,0.0,0.752672,0.0,0.0,0.0,1
compliance-reference-0300,1.0,4.0,0.817832,0.0,4.0,0.0,1
compliance-reference-0301,1.0,1.0,0.174709,0.0,2.0,0.0,0
compliance-reference-0302,2.0,0.0,0.506669,0.0,1.0,1.0,1
compliance-reference-0303,2.0,2.0,0.357235,0.0,4.0,1.0,1
compliance-reference-0304,1.0,1.0,0.730649,0.0,0.0,1.0,0
compliance-reference-0305,2.0,0.0,0.335783,1.0,2.0,1.0,1
compliance-reference-0306,1.0,1.0,0.597025,0.0,3.0,1.0,1
compliance-reference-0307,2.0,2.0,0.314041,0.0,0.0,0.0,1
compliance-reference-0308,1.0,2.0,0.760385,0.0,5.0,1.0,1
compliance-reference-0309,1.0,4.0,0.879847,0.0,3.0,0.0,1
compliance-reference-0310,0.0,2.0,0.818737,0.0,0.0,0.0,0
compliance-reference-0311,2.0,0.0,0.096123,1.0,0.0,1.0,1
compliance-reference-0312,1.0,0.0,0.257879,1.0,5.0,0.0,1
compliance-reference-0313,0.0,0.0,0.906468,0.0,0.0,0.0,0
compliance-reference-0314,0.0,3.0,0.970082,0.0,1.0,1.0,0
compliance-reference-0315,2.0,3.0,0.292264,0.0,3.0,0.0,1
compliance-reference-0316,1.0,4.0,0.252556,1.0,1.0,1.0,1
compliance-reference-0317,1.0,3.0,0.587528,0.0,3.0,1.0,1
compliance-reference-0318,0.0,0.0,0.534736,0.0,1.0,0.0,0
compliance-reference-0319,0.0,4.0,0.072402,1.0,2.0,1.0,1
compliance-reference-0320,0.0,1.0,0.025582,1.0,2.0,0.0,0
compliance-reference-0321,0.0,2.0,0.373813,0.0,5.0,0.0,0
compliance-reference-0322,1.0,4.0,0.819756,1.0,3.0,0.0,1
compliance-reference-0323,2.0,0.0,0.128132,0.0,3.0,0.0,1
compliance-reference-0324,2.0,3.0,0.962285,0.0,0.0,0.0,1
compliance-reference-0325,2.0,1.0,0.337624,1.0,4.0,0.0,1
compliance-reference-0326,2.0,4.0,0.275159,0.0,5.0,0.0,1
compliance-reference-0327,2.0,3.0,0.021986,0.0,2.0,0.0,1
compliance-reference-0328,0.0,4.0,0.816595,1.0,0.0,0.0,1
compliance-reference-0329,2.0,0.0,0.660872,0.0,0.0,1.0,1
compliance-reference-0330,1.0,4.0,0.1875,0.0,5.0,0.0,1
compliance-reference-0331,1.0,4.0,0.200986,0.0,4.0,0.0,1
compliance-reference-0332,0.0,4.0,0.417776,0.0,4.0,1.0,1
compliance-reference-0333,1.0,0.0,0.063899,1.0,4.0,1.0,0
compliance-reference-0334,0.0,0.0,0.914781,0.0,2.0,0.0,0
compliance-reference-0335,0.0,3.0,0.857918,0.0,2.0,1.0,0
compliance-reference-0336,2.0,3.0,0.560993,0.0,1.0,0.0,1
compliance-reference-0337,1.0,1.0,0.223426,1.0,0.0,0.0,0
compliance-reference-0338,0.0,3.0,0.022587,0.0,0.0,0.0,0
compliance-reference-0339,1.0,4.0,0.519353,0.0,2.0,0.0,1
compliance-reference-0340,1.0,1.0,0.881788,0.0,1.0,0.0,0
compliance-reference-0341,1.0,4.0,0.207177,0.0,4.0,0.0,1
compliance-reference-0342,1.0,0.0,0.469585,0.0,4.0,0.0,0
compliance-reference-0343,2.0,0.0,0.858575,0.0,5.0,0.0,1
compliance-reference-0344,0.0,0.0,0.188995,1.0,2.0,0.0,0
compliance-reference-0345,0.0,3.0,0.246591,1.0,2.0,1.0,1
compliance-reference-0346,1.0,4.0,0.959011,0.0,1.0,0.0,1
compliance-reference-0347,1.0,3.0,0.305506,0.0,5.0,0.0,1
compliance-reference-0348,2.0,1.0,0.065927,0.0,2.0,0.0,1
compliance-reference-0349,0.0,1.0,0.061698,1.0,4.0,0.0,0
compliance-reference-0350,2.0,2.0,0.777752,0.0,4.0,0.0,1
compliance-reference-0351,2.0,4.0,0.906779,0.0,4.0,1.0,1
compliance-reference-0352,0.0,3.0,0.188201,0.0,0.0,0.0,0
compliance-reference-0353,2.0,4.0,0.90907,0.0,2.0,0.0,1
compliance-reference-0354,2.0,4.0,0.118708,0.0,0.0,0.0,1
compliance-reference-0355,2.0,4.0,0.492886,0.0,1.0,0.0,1
compliance-reference-0356,0.0,1.0,0.479628,0.0,3.0,0.0,0
compliance-reference-0357,0.0,0.0,0.623794,0.0,2.0,1.0,0
compliance-reference-0358,2.0,0.0,0.20494,1.0,1.0,0.0,1
compliance-reference-0359,1.0,1.0,0.167711,0.0,1.0,0.0,0
compliance-reference-0360,2.0,3.0,0.065353,1.0,3.0,0.0,1
compliance-reference-0361,2.0,4.0,0.92015,1.0,4.0,0.0,1
compliance-reference-0362,1.0,4.0,0.083052,0.0,0.0,0.0,1
compliance-reference-0363,2.0,3.0,0.98707,0.0,2.0,0.0,1
compliance-reference-0364,0.0,4.0,0.223955,0.0,3.0,0.0,0
compliance-reference-0365,2.0,3.0,0.834584,0.0,2.0,0.0,1
compliance-reference-0366,0.0,0.0,0.444862,0.0,3.0,0.0,0
compliance-reference-0367,2.0,1.0,0.751408,0.0,5.0,1.0,1
compliance-reference-0368,0.0,4.0,0.226127,0.0,1.0,0.0,0
compliance-reference-0369,0.0,0.0,0.616332,0.0,0.0,0.0,0
compliance-reference-0370,1.0,4.0,0.827327,0.0,4.0,1.0,1
compliance-reference-0371,2.0,2.0,0.947796,0.0,4.0,0.0,1
compliance-reference-0372,0.0,0.0,0.125272,0.0,3.0,0.0,0
compliance-reference-0373,0.0,1.0,0.015078,0.0,3.0,0.0,0
compliance-reference-0374,1.0,0.0,0.999206,0.0,0.0,0.0,0
compliance-reference-0375,2.0,4.0,0.854584,0.0,0.0,0.0,1
compliance-reference-0376,1.0,4.0,0.381446,0.0,1.0,0.0,1
compliance-reference-0377,1.0,4.0,0.17598,1.0,2.0,0.0,1
compliance-reference-0378,2.0,1.0,0.871276,1.0,4.0,0.0,1
compliance-reference-0379,2.0,2.0,0.403726,1.0,3.0,0.0,1
compliance-reference-0380,2.0,4.0,0.780092,0.0,2.0,1.0,1
compliance-reference-0381,1.0,3.0,0.343025,0.0,5.0,0.0,1
compliance-reference-0382,0.0,0.0,0.660404,0.0,3.0,0.0,0
compliance-reference-0383,2.0,3.0,0.208594,0.0,2.0,0.0,1
compliance-reference-0384,0.0,3.0,0.740189,0.0,0.0,0.0,0
compliance-reference-0385,0.0,3.0,0.257631,0.0,5.0,0.0,0
compliance-reference-0386,0.0,1.0,0.829505,0.0,5.0,0.0,0
compliance-reference-0387,2.0,3.0,0.755194,0.0,4.0,0.0,1
compliance-reference-0388,0.0,3.0,0.24738,0.0,0.0,0.0,0
compliance-reference-0389,1.0,4.0,0.937876,1.0,3.0,0.0,1
compliance-reference-0390,2.0,0.0,0.36318,0.0,2.0,0.0,1
compliance-reference-0391,1.0,3.0,0.546521,0.0,5.0,0.0,1
compliance-reference-0392,1.0,2.0,0.197858,0.0,1.0,1.0,1
compliance-reference-0393,2.0,3.0,0.376628,0.0,4.0,0.0,1
compliance-reference-0394,1.0,4.0,0.843154,1.0,0.0,0.0,1
compliance-reference-0395,1.0,1.0,0.914622,0.0,4.0,1.0,1
compliance-reference-0396,2.0,1.0,0.064735,0.0,1.0,0.0,1
compliance-reference-0397,0.0,1.0,0.882721,0.0,5.0,1.0,0
compliance-reference-0398,1.0,1.0,0.416788,0.0,4.0,0.0,0
compliance-reference-0399,1.0,4.0,0.324871,1.0,0.0,0.0,1
compliance-reference-0400,0.0,3.0,0.582965,0.0,5.0,0.0,0
compliance-reference-0401,0.0,1.0,0.277639,1.0,2.0,1.0,0
compliance-reference-0402,1.0,0.0,0.540204,0.0,5.0,1.0,1
compliance-reference-0403,1.0,4.0,0.46178,1.0,1.0,0.0,1
compliance-reference-0404,1.0,2.0,0.25192,0.0,0.0,0.0,0
compliance-reference-0405,1.0,0.0,0.368966,0.0,3.0,0.0,0
compliance-reference-0406,2.0,1.0,0.613031,0.0,3.0,0.0,1
compliance-reference-0407,0.0,0.0,0.254764,0.0,5.0,1.0,0
compliance-reference-0408,2.0,3.0,0.330643,0.0,4.0,1.0,1
compliance-reference-0409,1.0,3.0,0.508781,0.0,3.0,0.0,1
compliance-reference-0410,2.0,3.0,0.07233,0.0,2.0,0.0,1
compliance-reference-0411,2.0,1.0,0.960293,0.0,5.0,0.0,1
compliance-reference-0412,0.0,0.0,0.023105,0.0,3.0,0.0,0
compliance-reference-0413,1.0,2.0,0.328002,0.0,4.0,1.0,1
compliance-reference-0414,2.0,1.0,0.687342,0.0,1.0,1.0,1
compliance-reference-0415,2.0,2.0,0.966749,1.0,3.0,0.0,1
compliance-reference-0416,1.0,3.0,0.86669,0.0,1.0,0.0,1
compliance-reference-0417,1.0,0.0,0.310136,0.0,1.0,1.0,0
compliance-reference-0418,0.0,1.0,0.522911,1.0,5.0,0.0,0
compliance-reference-0419,0.0,3.0,0.120875,1.0,5.0,0.0,1
compliance-reference-0420,1.0,1.0,0.569835,0.0,4.0,0.0,0
compliance-reference-0421,0.0,2.0,0.430466,0.0,0.0,1.0,0
compliance-reference-0422,2.0,0.0,0.846638,1.0,0.0,1.0,1
compliance-reference-0423,0.0,3.0,0.797769,1.0,4.0,0.0,1
compliance-reference-0424,1.0,4.0,0.466267,1.0,2.0,1.0,1
compliance-reference-0425,0.0,1.0,0.065659,0.0,2.0,1.0,0
compliance-reference-0426,1.0,3.0,0.351269,0.0,5.0,1.0,1
compliance-reference-0427,0.0,4.0,0.252948,0.0,1.0,1.0,0
compliance-reference-0428,2.0,2.0,0.1054,0.0,0.0,0.0,1
compliance-reference-0429,0.0,2.0,0.28562,0.0,0.0,1.0,0
compliance-reference-0430,0.0,2.0,0.645509,0.0,0.0,0.0,0
compliance-reference-0431,1.0,1.0,0.885785,0.0,1.0,1.0,1
compliance-reference-0432,1.0,3.0,0.225893,0.0,2.0,1.0,1
compliance-reference-0433,0.0,0.0,0.852616,0.0,5.0,1.0,0
compliance-reference-0434,1.0,3.0,0.644551,0.0,3.0,0.0,1
compliance-reference-0435,2.0,3.0,0.400088,0.0,1.0,0.0,1
compliance-reference-0436,1.0,3.0,0.62909,1.0,4.0,1.0,1
compliance-reference-0437,2.0,2.0,0.725902,1.0,5.0,0.0,1
compliance-reference-0438,2.0,4.0,0.833859,0.0,0.0,1.0,1
compliance-reference-0439,1.0,0.0,0.17232,0.0,4.0,0.0,0
compliance-reference-0440,0.0,1.0,0.803367,0.0,3.0,0.0,0
compliance-reference-0441,2.0,0.0,0.54681,1.0,2.0,0.0,1
compliance-reference-0442,2.0,1.0,0.370311,1.0,0.0,0.0,1
compliance-reference-0443,0.0,0.0,0.882171,0.0,1.0,1.0,0
compliance-reference-0444,2.0,3.0,0.802475,0.0,0.0,0.0,1
compliance-reference-0445,2.0,1.0,0.672352,0.0,5.0,1.0,1
compliance-reference-0446,0.0,0.0,0.711631,0.0,4.0,0.0,0
compliance-reference-0447,2.0,1.0,0.141394,0.0,0.0,0.0,1
compliance-reference-0448,1.0,2.0,0.231467,0.0,3.0,0.0,1
compliance-reference-0449,2.0,2.0,0.917056,0.0,3.0,1.0,1
compliance-reference-0450,2.0,3.0,0.915304,0.0,2.0,0.0,1
compliance-reference-0451,0.0,2.0,0.507053,1.0,0.0,0.0,0
compliance-reference-0452,1.0,1.0,0.754771,0.0,4.0,0.0,0
compliance-reference-0453,0.0,3.0,0.371064,0.0,2.0,0.0,0
compliance-reference-0454,2.0,0.0,0.149167,0.0,4.0,0.0,1
compliance-reference-0455,1.0,0.0,0.84503,0.0,4.0,1.0,1
compliance-reference-0456,1.0,1.0,0.3172,0.0,4.0,0.0,0
compliance-reference-0457,0.0,0.0,0.5543,0.0,2.0,1.0,0
compliance-reference-0458,1.0,1.0,0.440956,0.0,0.0,0.0,0
compliance-reference-0459,0.0,0.0,0.776803,1.0,0.0,0.0,0
compliance-reference-0460,0.0,2.0,0.232326,0.0,1.0,0.0,0
compliance-reference-0461,2.0,0.0,0.165003,0.0,0.0,1.0,1
compliance-reference-0462,2.0,2.0,0.633609,0.0,4.0,0.0,1
compliance-reference-0463,1.0,2.0,0.29061,0.0,2.0,0.0,1
compliance-reference-0464,1.0,4.0,0.612852,0.0,0.0,1.0,1
compliance-reference-0465,2.0,1.0,0.354118,0.0,1.0,1.0,1
compliance-reference-0466,2.0,1.0,0.801588,1.0,2.0,0.0,1
compliance-reference-0467,1.0,1.0,0.448199,0.0,5.0,0.0,1
compliance-reference-0468,0.0,1.0,0.646306,0.0,1.0,0.0,0
compliance-reference-0469,1.0,0.0,0.965919,1.0,3.0,1.0,1
compliance-reference-0470,0.0,3.0,0.50542,0.0,5.0,0.0,0
compliance-reference-0471,0.0,1.0,0.952146,0.0,0.0,0.0,0
compliance-reference-0472,2.0,4.0,0.961331,0.0,0.0,1.0,1
compliance-reference-0473,2.0,1.0,0.832176,0.0,1.0,0.0,1
compliance-reference-0474,1.0,4.0,0.858365,0.0,5.0,1.0,1
compliance-reference-0475,2.0,4.0,0.78926,0.0,2.0,1.0,1
compliance-reference-0476,2.0,1.0,0.819901,1.0,5.0,1.0,1
compliance-reference-0477,2.0,2.0,0.548137,0.0,5.0,0.0,1
compliance-reference-0478,1.0,2.0,0.804859,1.0,1.0,0.0,1
compliance-reference-0479,2.0,2.0,0.946689,1.0,4.0,1.0,1
compliance-reference-0480,1.0,3.0,0.048686,0.0,4.0,0.0,1
compliance-reference-0481,1.0,4.0,0.79365,0.0,2.0,0.0,1
compliance-reference-0482,0.0,0.0,0.846719,0.0,5.0,0.0,0
compliance-reference-0483,1.0,1.0,0.852203,0.0,0.0,1.0,1
compliance-reference-0484,1.0,4.0,0.81006,0.0,2.0,0.0,1
compliance-reference-0485,2.0,4.0,0.970716,0.0,3.0,0.0,1
compliance-reference-0486,2.0,1.0,0.776734,0.0,4.0,0.0,1
compliance-reference-0487,2.0,4.0,0.4939,0.0,3.0,0.0,1
compliance-reference-0488,0.0,4.0,0.362101,0.0,3.0,0.0,0
compliance-reference-0489,2.0,0.0,0.629723,0.0,0.0,1.0,1
compliance-reference-0490,0.0,2.0,0.787993,0.0,5.0,1.0,1
compliance-reference-0491,2.0,1.0,0.848129,1.0,4.0,0.0,1
compliance-reference-0492,1.0,3.0,0.264084,0.0,4.0,0.0,1
compliance-reference-0493,1.0,4.0,0.245001,0.0,5.0,0.0,1
compliance-reference-0494,2.0,2.0,0.048015,0.0,3.0,0.0,1
compliance-reference-0495,1.0,2.0,0.947629,0.0,2.0,0.0,1
compliance-reference-0496,0.0,4.0,0.285439,0.0,0.0,1.0,0
compliance-reference-0497,0.0,4.0,0.214914,1.0,2.0,1.0,1
compliance-reference-0498,2.0,0.0,0.14955,0.0,2.0,0.0,1
compliance-reference-0499,2.0,3.0,0.247805,0.0,5.0,0.0,1
compliance-reference-0500,2.0,1.0,0.783654,0.0,2.0,0.0,1
compliance-reference-0501,0.0,0.0,0.914256,0.0,5.0,0.0,0
compliance-reference-0502,1.0,1.0,0.181673,0.0,3.0,1.0,1
compliance-reference-0503,0.0,0.0,0.522028,1.0,0.0,1.0,0
compliance-reference-0504,0.0,2.0,0.045128,0.0,0.0,0.0,0
compliance-reference-0505,1.0,2.0,0.500792,0.0,1.0,0.0,0
compliance-reference-0506,0.0,0.0,0.156942,0.0,2.0,0.0,0
compliance-reference-0507,1.0,2.0,0.463602,0.0,5.0,0.0,1
compliance-reference-0508,2.0,1.0,0.010526,0.0,0.0,1.0,1
compliance-reference-0509,2.0,3.0,0.315952,0.0,2.0,0.0,1
compliance-reference-0510,2.0,0.0,0.354325,1.0,5.0,1.0,1
compliance-reference-0511,0.0,0.0,0.026882,1.0,0.0,1.0,0
compliance-reference-0512,2.0,2.0,0.237357,0.0,5.0,0.0,1
compliance-reference-0513,0.0,1.0,0.582904,0.0,4.0,0.0,0
compliance-reference-0514,2.0,3.0,0.430931,0.0,3.0,1.0,1
compliance-reference-0515,0.0,1.0,0.929407,0.0,2.0,1.0,0
compliance-reference-0516,1.0,1.0,0.425738,0.0,3.0,0.0,0
compliance-reference-0517,1.0,2.0,0.008983,0.0,1.0,1.0,1
compliance-reference-0518,0.0,3.0,0.458485,0.0,1.0,0.0,0
compliance-reference-0519,2.0,3.0,0.953119,1.0,4.0,0.0,1
compliance-reference-0520,1.0,0.0,0.287886,0.0,3.0,0.0,0
compliance-reference-0521,2.0,1.0,0.980317,1.0,4.0,1.0,1
compliance-reference-0522,1.0,0.0,0.633815,0.0,1.0,0.0,0
compliance-reference-0523,2.0,4.0,0.307617,0.0,2.0,0.0,1
compliance-reference-0524,0.0,2.0,0.958963,0.0,3.0,0.0,0
compliance-reference-0525,0.0,1.0,0.97398,0.0,2.0,0.0,0
compliance-reference-0526,1.0,4.0,0.583177,0.0,5.0,0.0,1
compliance-reference-0527,0.0,0.0,0.624546,0.0,2.0,1.0,0
compliance-reference-0528,1.0,2.0,0.944919,0.0,4.0,0.0,1
compliance-reference-0529,0.0,2.0,0.792559,0.0,4.0,0.0,0
compliance-reference-0530,1.0,2.0,0.971755,0.0,1.0,0.0,0
compliance-reference-0531,0.0,2.0,0.788913,1.0,4.0,1.0,1
compliance-reference-0532,0.0,1.0,0.360914,0.0,3.0,0.0,0
compliance-reference-0533,0.0,3.0,0.589653,1.0,2.0,0.0,1
compliance-reference-0534,2.0,2.0,0.539117,1.0,2.0,0.0,1
compliance-reference-0535,1.0,1.0,0.306547,0.0,3.0,1.0,1
compliance-reference-0536,1.0,4.0,0.31361,0.0,4.0,0.0,1
compliance-reference-0537,2.0,0.0,0.574778,0.0,3.0,0.0,1
compliance-reference-0538,1.0,0.0,0.695518,0.0,5.0,0.0,1
compliance-reference-0539,2.0,2.0,0.76415,0.0,4.0,0.0,1
compliance-reference-0540,1.0,4.0,0.359418,0.0,5.0,0.0,1
compliance-reference-0541,2.0,2.0,0.252368,0.0,0.0,0.0,1
compliance-reference-0542,0.0,4.0,0.719595,0.0,0.0,0.0,0
compliance-reference-0543,1.0,4.0,0.794087,0.0,0.0,0.0,1
compliance-reference-0544,1.0,4.0,0.056647,1.0,3.0,0.0,1
compliance-reference-0545,2.0,2.0,0.586823,1.0,2.0,1.0,1
compliance-reference-0546,0.0,0.0,0.861355,0.0,3.0,0.0,0
compliance-reference-0547,0.0,3.0,0.962655,0.0,4.0,0.0,0
compliance-reference-0548,1.0,1.0,0.726495,0.0,2.0,1.0,1
compliance-reference-0549,2.0,3.0,0.862601,0.0,1.0,0.0,1
compliance-reference-0550,0.0,3.0,0.634954,1.0,3.0,0.0,1
compliance-reference-0551,1.0,2.0,0.362359,1.0,2.0,0.0,1
compliance-reference-0552,2.0,2.0,0.066488,1.0,0.0,0.0,1
compliance-reference-0553,1.0,0.0,0.945648,0.0,4.0,0.0,0
compliance-reference-0554,1.0,4.0,0.798018,1.0,3.0,0.0,1
compliance-reference-0555,1.0,2.0,0.535301,0.0,1.0,0.0,1
compliance-reference-0556,2.0,1.0,0.951416,0.0,3.0,0.0,1
compliance-reference-0557,2.0,1.0,0.6258,1.0,1.0,1.0,1
compliance-reference-0558,1.0,4.0,0.421401,1.0,2.0,0.0,1
compliance-reference-0559,2.0,4.0,0.972827,1.0,1.0,0.0,1
compliance-reference-0560,2.0,1.0,0.194912,0.0,0.0,1.0,1
compliance-reference-0561,1.0,3.0,0.965419,0.0,2.0,0.0,1
compliance-reference-0562,0.0,0.0,0.198706,1.0,5.0,0.0,0
compliance-reference-0563,2.0,0.0,0.167018,0.0,5.0,1.0,1
compliance-reference-0564,1.0,0.0,0.957676,0.0,5.0,0.0,0
compliance-reference-0565,0.0,1.0,0.914036,1.0,5.0,0.0,0
compliance-reference-0566,0.0,0.0,0.511219,0.0,5.0,0.0,0
compliance-reference-0567,1.0,2.0,0.790973,0.0,5.0,0.0,1
compliance-reference-0568,0.0,4.0,0.046173,0.0,0.0,0.0,0
compliance-reference-0569,0.0,3.0,0.418277,0.0,4.0,1.0,0
compliance-reference-0570,2.0,0.0,0.661464,1.0,3.0,0.0,1
compliance-reference-0571,0.0,1.0,0.663125,1.0,4.0,1.0,0
compliance-reference-0572,1.0,4.0,0.585287,0.0,0.0,0.0,1
compliance-reference-0573,2.0,1.0,0.932959,0.0,1.0,1.0,1
compliance-reference-0574,2.0,2.0,0.132919,0.0,1.0,1.0,1
compliance-reference-0575,1.0,4.0,0.45274,1.0,5.0,0.0,1
compliance-reference-0576,0.0,0.0,0.504332,0.0,5.0,0.0,0
compliance-reference-0577,1.0,4.0,0.906087,1.0,0.0,1.0,1
compliance-reference-0578,0.0,4.0,0.21009,1.0,3.0,1.0,1
compliance-reference-0579,0.0,1.0,0.157126,0.0,0.0,0.0,0
compliance-reference-0580,1.0,2.0,0.709345,0.0,4.0,0.0,1
compliance-reference-0581,1.0,1.0,0.149866,0.0,0.0,1.0,0
compliance-reference-0582,0.0,4.0,0.732157,1.0,0.0,0.0,1
compliance-reference-0583,0.0,1.0,0.351804,0.0,3.0,0.0,0
compliance-reference-0584,0.0,1.0,0.874627,0.0,5.0,0.0,0
compliance-reference-0585,0.0,4.0,0.132588,1.0,0.0,0.0,0
compliance-reference-0586,2.0,1.0,0.030354,1.0,2.0,0.0,1
compliance-reference-0587,1.0,1.0,0.631522,0.0,2.0,0.0,0
compliance-reference-0588,1.0,4.0,0.634697,0.0,4.0,0.0,1
compliance-reference-0589,2.0,1.0,0.802036,1.0,5.0,0.0,1
compliance-reference-0590,0.0,2.0,0.844642,1.0,4.0,0.0,1
compliance-reference-0591,1.0,1.0,0.406558,1.0,0.0,0.0,1
compliance-reference-0592,1.0,3.0,0.320257,0.0,3.0,0.0,1
compliance-reference-0593,1.0,2.0,0.113719,0.0,1.0,1.0,1
compliance-reference-0594,1.0,0.0,0.362151,0.0,2.0,0.0,0
compliance-reference-0595,0.0,4.0,0.115742,0.0,5.0,0.0,0
compliance-reference-0596,2.0,2.0,0.918563,0.0,4.0,0.0,1
compliance-reference-0597,0.0,2.0,0.625736,0.0,1.0,0.0,0
compliance-reference-0598,0.0,1.0,0.515805,0.0,5.0,1.0,0
compliance-reference-0599,2.0,3.0,0.694655,0.0,3.0,0.0,1
compliance-reference-0600,2.0,4.0,0.14877,0.0,0.0,0.0,1
compliance-reference-0601,2.0,2.0,0.857744,0.0,0.0,1.0,1
compliance-reference-0602,1.0,1.0,0.07922,0.0,0.0,0.0,0
compliance-reference-0603,1.0,3.0,0.881078,0.0,5.0,1.0,1
compliance-reference-0604,2.0,2.0,0.688523,1.0,1.0,0.0,1
compliance-reference-0605,0.0,3.0,0.632626,0.0,5.0,0.0,0
compliance-reference-0606,0.0,0.0,0.606806,0.0,5.0,1.0,0
compliance-reference-0607,0.0,1.0,0.009324,0.0,1.0,0.0,0
compliance-reference-0608,0.0,0.0,0.967219,0.0,3.0,0.0,0
compliance-reference-0609,0.0,3.0,0.792953,0.0,3.0,0.0,0
compliance-reference-0610,2.0,4.0,0.721491,0.0,0.0,0.0,1
compliance-reference-0611,1.0,1.0,0.935422,1.0,0.0,0.0,1
compliance-reference-0612,0.0,1.0,0.641361,0.0,1.0,1.0,0
compliance-reference-0613,0.0,4.0,0.568293,0.0,1.0,0.0,0
compliance-reference-0614,1.0,0.0,0.87683,1.0,1.0,0.0,1
compliance-reference-0615,1.0,0.0,0.231656,0.0,0.0,0.0,0
compliance-reference-0616,1.0,1.0,0.305417,0.0,2.0,0.0,0
compliance-reference-0617,1.0,2.0,0.403791,1.0,2.0,1.0,1
compliance-reference-0618,0.0,0.0,0.96336,0.0,1.0,0.0,0
compliance-reference-0619,2.0,3.0,0.300136,0.0,3.0,0.0,1
compliance-reference-0620,1.0,3.0,0.383504,0.0,2.0,0.0,1
compliance-reference-0621,0.0,4.0,0.511862,0.0,5.0,1.0,1
compliance-reference-0622,2.0,4.0,0.435043,0.0,2.0,0.0,1
compliance-reference-0623,1.0,3.0,0.020654,1.0,5.0,0.0,1
compliance-reference-0624,2.0,1.0,0.539936,1.0,4.0,0.0,1
compliance-reference-0625,2.0,0.0,0.344443,0.0,2.0,0.0,1
compliance-reference-0626,0.0,4.0,0.009484,0.0,2.0,0.0,0
compliance-reference-0627,2.0,2.0,0.204543,0.0,2.0,1.0,1
compliance-reference-0628,2.0,4.0,0.30049,1.0,1.0,0.0,1
compliance-reference-0629,1.0,0.0,0.008,0.0,2.0,0.0,0
compliance-reference-0630,1.0,4.0,0.709382,1.0,5.0,1.0,1
compliance-reference-0631,2.0,0.0,0.001519,0.0,5.0,0.0,1
compliance-reference-0632,2.0,2.0,0.041429,0.0,4.0,0.0,1
compliance-reference-0633,2.0,2.0,0.868041,0.0,5.0,0.0,1
compliance-reference-0634,0.0,3.0,0.638763,0.0,2.0,0.0,0
compliance-reference-0635,1.0,3.0,0.555867,0.0,3.0,0.0,1
compliance-reference-0636,0.0,0.0,0.011595,0.0,1.0,0.0,0
compliance-reference-0637,2.0,3.0,0.77443,0.0,5.0,0.0,1
compliance-reference-0638,0.0,1.0,0.666762,1.0,2.0,0.0,0
compliance-reference-0639,0.0,4.0,0.073572,0.0,2.0,0.0,0
compliance-reference-0640,2.0,2.0,0.385239,0.0,2.0,0.0,1
compliance-reference-0641,2.0,2.0,0.787158,1.0,5.0,1.0,1
compliance-reference-0642,1.0,1.0,0.923069,0.0,3.0,1.0,1
compliance-reference-0643,1.0,1.0,0.497475,0.0,2.0,0.0,0
compliance-reference-0644,0.0,3.0,0.433371,0.0,1.0,0.0,0
compliance-reference-0645,1.0,0.0,0.76937,0.0,2.0,0.0,0
compliance-reference-0646,2.0,0.0,0.79932,0.0,2.0,0.0,1
compliance-reference-0647,0.0,3.0,0.407344,0.0,2.0,0.0,0
compliance-reference-0648,1.0,1.0,0.140938,0.0,0.0,0.0,0
compliance-reference-0649,1.0,3.0,0.257149,0.0,3.0,0.0,1
compliance-reference-0650,2.0,2.0,0.675197,0.0,1.0,1.0,1
compliance-reference-0651,2.0,2.0,0.740799,0.0,5.0,1.0,1
compliance-reference-0652,0.0,0.0,0.283548,1.0,0.0,1.0,0
compliance-reference-0653,0.0,3.0,0.196101,0.0,1.0,1.0,0
compliance-reference-0654,1.0,4.0,0.267961,0.0,0.0,0.0,1
compliance-reference-0655,1.0,3.0,0.046465,0.0,1.0,0.0,0
compliance-reference-0656,2.0,0.0,0.979467,0.0,1.0,0.0,1
compliance-reference-0657,1.0,4.0,0.230975,0.0,2.0,1.0,1
compliance-reference-0658,0.0,4.0,0.646479,1.0,4.0,1.0,1
compliance-reference-0659,2.0,0.0,0.860436,1.0,5.0,0.0,1
compliance-reference-0660,1.0,1.0,0.164693,0.0,5.0,1.0,1
compliance-reference-0661,1.0,1.0,0.2616,1.0,0.0,0.0,0
compliance-reference-0662,2.0,1.0,0.963092,1.0,2.0,1.0,1
compliance-reference-0663,2.0,1.0,0.56619,1.0,3.0,0.0,1
compliance-reference-0664,1.0,3.0,0.273844,1.0,5.0,0.0,1
compliance-reference-0665,0.0,3.0,0.973764,1.0,2.0,0.0,0
compliance-reference-0666,2.0,2.0,0.390469,0.0,3.0,0.0,1
compliance-reference-0667,1.0,1.0,0.403482,1.0,0.0,0.0,1
compliance-reference-0668,1.0,1.0,0.297408,0.0,4.0,1.0,1
compliance-reference-0669,2.0,4.0,0.216016,0.0,3.0,1.0,1
compliance-reference-0670,1.0,0.0,0.481588,0.0,3.0,0.0,0
compliance-reference-0671,2.0,2.0,0.429335,0.0,0.0,1.0,1
compliance-reference-0672,2.0,0.0,0.503327,0.0,3.0,0.0,1
compliance-reference-0673,2.0,1.0,0.625136,0.0,3.0,0.0,1
compliance-reference-0674,1.0,3.0,0.082501,0.0,0.0,0.0,0
compliance-reference-0675,2.0,3.0,0.536341,1.0,5.0,1.0,1
compliance-reference-0676,1.0,1.0,0.908137,1.0,5.0,1.0,1
compliance-reference-0677,0.0,0.0,0.349703,1.0,1.0,1.0,0
compliance-reference-0678,2.0,3.0,0.698087,0.0,4.0,0.0,1
compliance-reference-0679,1.0,1.0,0.760619,0.0,3.0,1.0,1
compliance-reference-0680,1.0,2.0,0.616027,0.0,0.0,0.0,0
compliance-reference-0681,2.0,1.0,0.90565,0.0,4.0,0.0,1
compliance-reference-0682,2.0,0.0,0.706841,0.0,4.0,0.0,1
compliance-reference-0683,1.0,3.0,0.518618,0.0,3.0,1.0,1
compliance-reference-0684,0.0,2.0,0.11556,1.0,0.0,0.0,0
compliance-reference-0685,2.0,2.0,0.927096,1.0,1.0,1.0,1
compliance-reference-0686,2.0,0.0,0.15635,0.0,3.0,0.0,1
compliance-reference-0687,2.0,0.0,0.663415,0.0,2.0,0.0,1
compliance-reference-0688,0.0,0.0,0.181628,0.0,4.0,1.0,0
compliance-reference-0689,2.0,0.0,0.917535,1.0,2.0,0.0,1
compliance-reference-0690,2.0,4.0,0.161005,0.0,4.0,0.0,1
compliance-reference-0691,0.0,4.0,0.589847,0.0,0.0,1.0,0
compliance-reference-0692,0.0,3.0,0.259196,0.0,3.0,0.0,0
compliance-reference-0693,1.0,4.0,0.778102,1.0,3.0,1.0,1
compliance-reference-0694,2.0,3.0,0.94281,0.0,1.0,0.0,1
compliance-reference-0695,1.0,3.0,0.795644,0.0,0.0,1.0,1
compliance-reference-0696,0.0,4.0,0.238235,0.0,5.0,0.0,0
compliance-reference-0697,1.0,4.0,0.807139,0.0,4.0,1.0,1
compliance-reference-0698,0.0,4.0,0.346664,0.0,2.0,0.0,0
compliance-reference-0699,2.0,3.0,0.668533,1.0,0.0,0.0,1
compliance-reference-0700,0.0,2.0,0.36715,0.0,3.0,0.0,0
compliance-reference-0701,0.0,0.0,0.080361,0.0,1.0,0.0,0
compliance-reference-0702,1.0,1.0,0.096926,0.0,1.0,0.0,0
compliance-reference-0703,0.0,2.0,0.930586,1.0,1.0,1.0,1
compliance-reference-0704,2.0,4.0,0.535076,0.0,2.0,0.0,1
compliance-reference-0705,2.0,3.0,0.03434,1.0,2.0,1.0,1
compliance-reference-0706,2.0,0.0,0.767899,0.0,5.0,0.0,1
compliance-reference-0707,0.0,0.0,0.008623,0.0,4.0,0.0,0
compliance-reference-0708,0.0,3.0,0.353006,0.0,5.0,1.0,0
compliance-reference-0709,0.0,0.0,0.150758,0.0,5.0,0.0,0
compliance-reference-0710,2.0,3.0,0.095069,0.0,4.0,0.0,1
compliance-reference-0711,1.0,2.0,0.720267,0.0,4.0,0.0,1
compliance-reference-0712,1.0,2.0,0.360736,0.0,3.0,0.0,1
compliance-reference-0713,1.0,4.0,0.461495,0.0,2.0,0.0,1
compliance-reference-0714,2.0,3.0,0.758279,0.0,4.0,0.0,1
compliance-reference-0715,1.0,4.0,0.535694,0.0,4.0,0.0,1
compliance-reference-0716,0.0,1.0,0.932266,0.0,2.0,0.0,0
compliance-reference-0717,2.0,1.0,0.405244,1.0,4.0,0.0,1
compliance-reference-0718,1.0,1.0,0.257907,0.0,3.0,0.0,0
compliance-reference-0719,0.0,4.0,0.809719,0.0,4.0,0.0,0
compliance-reference-0720,1.0,2.0,0.850082,1.0,2.0,0.0,1
compliance-reference-0721,2.0,1.0,0.431352,0.0,5.0,0.0,1
compliance-reference-0722,2.0,3.0,0.332036,0.0,1.0,0.0,1
compliance-reference-0723,1.0,1.0,0.973918,1.0,3.0,0.0,1
compliance-reference-0724,0.0,0.0,0.477869,1.0,2.0,0.0,0
compliance-reference-0725,1.0,0.0,0.683911,1.0,0.0,0.0,1
compliance-reference-0726,0.0,3.0,0.307817,0.0,2.0,1.0,0
compliance-reference-0727,0.0,3.0,0.750667,1.0,1.0,0.0,1
compliance-reference-0728,1.0,1.0,0.228067,1.0,1.0,1.0,1
compliance-reference-0729,2.0,0.0,0.078626,0.0,2.0,0.0,1
compliance-reference-0730,0.0,1.0,0.815423,1.0,3.0,0.0,0
compliance-reference-0731,2.0,2.0,0.722858,1.0,5.0,1.0,1
compliance-reference-0732,0.0,0.0,0.995609,0.0,1.0,0.0,0
compliance-reference-0733,0.0,0.0,0.818228,1.0,4.0,1.0,1
compliance-reference-0734,2.0,1.0,0.581637,1.0,2.0,0.0,1
compliance-reference-0735,1.0,0.0,0.984312,1.0,1.0,0.0,1
compliance-reference-0736,1.0,0.0,0.039509,0.0,2.0,1.0,0
compliance-reference-0737,0.0,3.0,0.447902,0.0,5.0,1.0,1
compliance-reference-0738,1.0,1.0,0.858166,0.0,2.0,0.0,0
compliance-reference-0739,1.0,2.0,0.896018,0.0,1.0,0.0,1
compliance-reference-0740,2.0,1.0,0.529816,0.0,4.0,0.0,1
compliance-reference-0741,2.0,1.0,0.550588,0.0,0.0,0.0,1
compliance-reference-0742,1.0,4.0,0.907062,0.0,5.0,0.0,1
compliance-reference-0743,0.0,4.0,0.2249,1.0,3.0,0.0,1
compliance-reference-0744,0.0,1.0,0.637128,0.0,5.0,0.0,0
compliance-reference-0745,0.0,3.0,0.221036,1.0,1.0,0.0,0
compliance-reference-0746,1.0,0.0,0.596286,0.0,1.0,0.0,0
compliance-reference-0747,0.0,2.0,0.902453,1.0,5.0,0.0,1
compliance-reference-0748,2.0,0.0,0.703231,0.0,1.0,1.0,1
compliance-reference-0749,1.0,1.0,0.625525,0.0,0.0,0.0,0
compliance-reference-0750,1.0,1.0,0.723083,0.0,5.0,0.0,0
compliance-reference-0751,0.0,4.0,0.426094,0.0,3.0,0.0,0
compliance-reference-0752,1.0,0.0,0.488508,1.0,1.0,0.0,0
compliance-reference-0753,2.0,2.0,0.042878,0.0,3.0,0.0,1
compliance-reference-0754,0.0,0.0,0.467657,0.0,0.0,0.0,0
compliance-reference-0755,1.0,3.0,0.616351,0.0,3.0,0.0,1
compliance-reference-0756,2.0,1.0,0.358767,0.0,4.0,0.0,1
compliance-reference-0757,1.0,4.0,0.036323,0.0,3.0,1.0,1
compliance-reference-0758,1.0,4.0,0.510373,0.0,5.0,0.0,1
compliance-reference-0759,2.0,4.0,0.694184,0.0,4.0,0.0,1
compliance-reference-0760,2.0,0.0,0.142823,0.0,0.0,0.0,1
compliance-reference-0761,0.0,3.0,0.918536,0.0,5.0,0.0,0
compliance-reference-0762,2.0,3.0,0.397954,0.0,1.0,0.0,1
compliance-reference-0763,2.0,3.0,0.977933,0.0,3.0,0.0,1
compliance-reference-0764,2.0,2.0,0.165595,1.0,4.0,0.0,1
compliance-reference-0765,0.0,0.0,0.50123,0.0,1.0,1.0,0
compliance-reference-0766,1.0,2.0,0.515744,0.0,5.0,0.0,1
compliance-reference-0767,1.0,2.0,0.063896,1.0,5.0,0.0,1
compliance-reference-0768,1.0,1.0,0.157717,0.0,4.0,0.0,0
compliance-reference-0769,1.0,2.0,0.211511,0.0,0.0,1.0,0
compliance-reference-0770,2.0,4.0,0.558675,1.0,4.0,0.0,1
compliance-reference-0771,0.0,3.0,0.988997,0.0,1.0,0.0,0
compliance-reference-0772,0.0,3.0,0.84639,1.0,1.0,0.0,0
compliance-reference-0773,1.0,4.0,0.422766,0.0,2.0,0.0,1
compliance-reference-0774,2.0,2.0,0.542906,0.0,4.0,0.0,1
compliance-reference-0775,1.0,4.0,0.225019,0.0,3.0,0.0,1
compliance-reference-0776,0.0,2.0,0.192274,1.0,2.0,0.0,0
compliance-reference-0777,2.0,0.0,0.226547,1.0,0.0,0.0,1
compliance-reference-0778,2.0,0.0,0.933635,0.0,1.0,1.0,1
compliance-reference-0779,2.0,1.0,0.748525,1.0,0.0,0.0,1
compliance-reference-0780,2.0,3.0,0.745281,1.0,2.0,0.0,1
compliance-reference-0781,0.0,3.0,0.782593,0.0,3.0,0.0,0
compliance-reference-0782,2.0,0.0,0.126749,0.0,0.0,1.0,1
compliance-reference-0783,1.0,0.0,0.875727,0.0,5.0,0.0,1
compliance-reference-0784,0.0,3.0,0.34268,0.0,4.0,1.0,0
compliance-reference-0785,0.0,2.0,0.365698,0.0,4.0,1.0,0
compliance-reference-0786,1.0,2.0,0.546458,0.0,5.0,1.0,1
compliance-reference-0787,1.0,1.0,0.047773,0.0,4.0,0.0,0
compliance-reference-0788,0.0,4.0,0.07446,0.0,0.0,1.0,0
compliance-reference-0789,0.0,3.0,0.747357,0.0,0.0,1.0,0
compliance-reference-0790,0.0,4.0,0.616375,0.0,0.0,0.0,0
compliance-reference-0791,0.0,2.0,0.162594,1.0,5.0,0.0,0
compliance-reference-0792,2.0,2.0,0.570307,0.0,2.0,1.0,1
compliance-reference-0793,1.0,2.0,0.178681,0.0,0.0,0.0,0
compliance-reference-0794,2.0,3.0,0.141934,0.0,2.0,0.0,1
compliance-reference-0795,1.0,0.0,0.154981,1.0,2.0,0.0,0
compliance-reference-0796,0.0,0.0,0.422765,0.0,5.0,0.0,0
compliance-reference-0797,2.0,3.0,0.596383,0.0,4.0,0.0,1
compliance-reference-0798,1.0,2.0,0.036772,0.0,1.0,1.0,1
compliance-reference-0799,1.0,3.0,0.089159,1.0,5.0,0.0,1
compliance-reference-0800,1.0,3.0,0.877026,0.0,3.0,0.0,1
compliance-reference-0801,0.0,3.0,0.761506,0.0,4.0,0.0,0
compliance-reference-0802,0.0,0.0,0.07936,0.0,3.0,0.0,0
compliance-reference-0803,0.0,0.0,0.620692,0.0,0.0,0.0,0
compliance-reference-0804,1.0,3.0,0.826171,0.0,3.0,0.0,1
compliance-reference-0805,2.0,3.0,0.883872,0.0,2.0,0.0,1
compliance-reference-0806,1.0,4.0,0.995859,0.0,5.0,1.0,1
compliance-reference-0807,0.0,4.0,0.252995,0.0,1.0,1.0,0
compliance-reference-0808,2.0,4.0,0.344494,0.0,0.0,1.0,1
compliance-reference-0809,1.0,1.0,0.752114,0.0,0.0,0.0,0
compliance-reference-0810,0.0,4.0,0.446639,1.0,0.0,0.0,0
compliance-reference-0811,2.0,1.0,0.385538,0.0,0.0,0.0,1
compliance-reference-0812,1.0,3.0,0.853451,0.0,2.0,0.0,1
compliance-reference-0813,0.0,0.0,0.325007,0.0,2.0,1.0,0
compliance-reference-0814,1.0,4.0,0.168188,0.0,3.0,0.0,1
compliance-reference-0815,2.0,1.0,0.227346,0.0,4.0,1.0,1
compliance-reference-0816,2.0,4.0,0.751783,1.0,4.0,0.0,1
compliance-reference-0817,1.0,3.0,0.603853,0.0,5.0,0.0,1
compliance-reference-0818,1.0,0.0,0.06627,1.0,1.0,0.0,0
compliance-reference-0819,0.0,1.0,0.962932,0.0,2.0,0.0,0
compliance-reference-0820,0.0,0.0,0.159859,0.0,5.0,1.0,0
compliance-reference-0821,2.0,1.0,0.630971,0.0,5.0,1.0,1
compliance-reference-0822,2.0,0.0,0.212594,0.0,2.0,0.0,1
compliance-reference-0823,2.0,2.0,0.941815,0.0,5.0,0.0,1
compliance-reference-0824,2.0,2.0,0.498109,1.0,4.0,0.0,1
compliance-reference-0825,0.0,0.0,0.876519,0.0,0.0,0.0,0
compliance-reference-0826,0.0,0.0,0.112499,0.0,3.0,0.0,0
compliance-reference-0827,1.0,4.0,0.804079,0.0,2.0,1.0,1
compliance-reference-0828,0.0,1.0,0.696754,1.0,4.0,0.0,0
compliance-reference-0829,1.0,2.0,0.277274,0.0,0.0,0.0,0
compliance-reference-0830,2.0,2.0,0.869062,1.0,5.0,0.0,1
compliance-reference-0831,0.0,0.0,0.814977,0.0,1.0,1.0,0
compliance-reference-0832,0.0,2.0,0.529076,0.0,2.0,0.0,0
compliance-reference-0833,2.0,4.0,0.833259,0.0,3.0,0.0,1
compliance-reference-0834,2.0,2.0,0.451031,0.0,4.0,0.0,1
compliance-reference-0835,0.0,0.0,0.699305,0.0,2.0,0.0,0
compliance-reference-0836,0.0,1.0,0.785247,0.0,0.0,0.0,0
compliance-reference-0837,2.0,1.0,0.350275,0.0,2.0,1.0,1
compliance-reference-0838,2.0,1.0,0.63728,1.0,0.0,1.0,1
compliance-reference-0839,1.0,4.0,0.352513,0.0,5.0,0.0,1
compliance-reference-0840,0.0,2.0,0.221963,0.0,1.0,0.0,0
compliance-reference-0841,2.0,2.0,0.641097,0.0,3.0,0.0,1
compliance-reference-0842,2.0,0.0,0.23826,0.0,3.0,0.0,1
compliance-reference-0843,2.0,1.0,0.712423,0.0,3.0,0.0,1
compliance-reference-0844,0.0,4.0,0.399788,0.0,2.0,0.0,0
compliance-reference-0845,2.0,0.0,0.559328,0.0,1.0,0.0,1
compliance-reference-0846,2.0,0.0,0.707267,0.0,2.0,0.0,1
compliance-reference-0847,1.0,1.0,0.331998,0.0,3.0,0.0,0
compliance-reference-0848,1.0,2.0,0.904096,0.0,4.0,1.0,1
compliance-reference-0849,2.0,0.0,0.506968,0.0,0.0,1.0,1
compliance-reference-0850,0.0,1.0,0.246407,0.0,1.0,0.0,0
compliance-reference-0851,1.0,3.0,0.452758,0.0,5.0,0.0,1
compliance-reference-0852,0.0,2.0,0.750783,0.0,1.0,0.0,0
compliance-reference-0853,1.0,4.0,0.265147,0.0,5.0,0.0,1
compliance-reference-0854,1.0,0.0,0.498562,0.0,3.0,0.0,0
compliance-reference-0855,1.0,0.0,0.232375,1.0,5.0,1.0,1
compliance-reference-0856,1.0,0.0,0.64664,0.0,4.0,1.0,1
compliance-reference-0857,2.0,1.0,0.929901,0.0,5.0,0.0,1
compliance-reference-0858,0.0,4.0,0.370477,0.0,0.0,0.0,0
compliance-reference-0859,1.0,3.0,0.932296,0.0,5.0,1.0,1
compliance-reference-0860,0.0,3.0,0.958041,0.0,3.0,0.0,0
compliance-reference-0861,2.0,3.0,0.483509,1.0,5.0,0.0,1
compliance-reference-0862,2.0,0.0,0.485466,1.0,3.0,0.0,1
compliance-reference-0863,2.0,2.0,0.582367,0.0,3.0,1.0,1
compliance-reference-0864,1.0,1.0,0.697504,0.0,2.0,0.0,0
compliance-reference-0865,0.0,4.0,0.26958,0.0,2.0,1.0,0
compliance-reference-0866,2.0,2.0,0.391735,1.0,2.0,0.0,1
compliance-reference-0867,2.0,3.0,0.788557,1.0,0.0,0.0,1
compliance-reference-0868,2.0,3.0,0.769606,1.0,5.0,1.0,1
compliance-reference-0869,1.0,1.0,0.686595,0.0,3.0,0.0,0
compliance-reference-0870,2.0,2.0,0.101243,0.0,4.0,0.0,1
compliance-reference-0871,1.0,2.0,0.711841,1.0,2.0,0.0,1
compliance-reference-0872,0.0,1.0,0.752313,0.0,2.0,0.0,0
compliance-reference-0873,0.0,2.0,0.960144,0.0,2.0,0.0,0
compliance-reference-0874,1.0,1.0,0.670002,1.0,3.0,0.0,1
compliance-reference-0875,1.0,4.0,0.179307,0.0,1.0,0.0,1
compliance-reference-0876,0.0,0.0,0.5874,1.0,0.0,0.0,0
compliance-reference-0877,2.0,0.0,0.165544,0.0,4.0,1.0,1
compliance-reference-0878,1.0,4.0,0.733581,0.0,2.0,0.0,1
compliance-reference-0879,1.0,4.0,0.936736,0.0,1.0,0.0,1
compliance-reference-0880,1.0,1.0,0.592554,0.0,2.0,1.0,0
compliance-reference-0881,0.0,4.0,0.489269,0.0,0.0,0.0,0
compliance-reference-0882,1.0,1.0,0.719606,1.0,0.0,0.0,1
compliance-reference-0883,1.0,2.0,0.500641,0.0,2.0,0.0,1
compliance-reference-0884,0.0,2.0,0.548507,0.0,1.0,0.0,0
compliance-reference-0885,1.0,1.0,0.693742,0.0,2.0,0.0,0
compliance-reference-0886,1.0,3.0,0.969849,0.0,2.0,0.0,1
compliance-reference-0887,0.0,2.0,0.79767,0.0,1.0,0.0,0
compliance-reference-0888,1.0,3.0,0.492579,0.0,4.0,0.0,1
compliance-reference-0889,1.0,2.0,0.594011,0.0,5.0,1.0,1
compliance-reference-0890,1.0,0.0,0.780752,1.0,0.0,0.0,0
compliance-reference-0891,0.0,3.0,0.450509,1.0,3.0,1.0,0
compliance-reference-0892,0.0,3.0,0.69716,0.0,0.0,1.0,0
compliance-reference-0893,0.0,4.0,0.261051,0.0,5.0,1.0,1
compliance-reference-0894,1.0,1.0,0.383333,0.0,1.0,1.0,1
compliance-reference-0895,1.0,2.0,0.27902,1.0,1.0,0.0,1
compliance-reference-0896,1.0,2.0,0.307397,0.0,3.0,1.0,1
compliance-reference-0897,1.0,1.0,0.483154,0.0,2.0,1.0,0
compliance-reference-0898,0.0,1.0,0.846776,1.0,5.0,1.0,1
compliance-reference-0899,1.0,2.0,0.37711,0.0,5.0,0.0,1
compliance-reference-0900,1.0,0.0,0.062498,0.0,5.0,0.0,0
compliance-reference-0901,1.0,2.0,0.688228,0.0,4.0,0.0,1
compliance-reference-0902,2.0,0.0,0.915747,0.0,1.0,0.0,1
compliance-reference-0903,2.0,3.0,0.862493,0.0,2.0,0.0,1
compliance-reference-0904,1.0,0.0,0.047926,0.0,1.0,1.0,0
compliance-reference-0905,2.0,1.0,0.444891,0.0,2.0,0.0,1
compliance-reference-0906,0.0,3.0,0.428379,0.0,0.0,0.0,0
compliance-reference-0907,0.0,1.0,0.848474,0.0,4.0,0.0,0
compliance-reference-0908,1.0,0.0,0.072613,0.0,4.0,0.0,0
compliance-reference-0909,1.0,4.0,0.514696,0.0,2.0,1.0,1
compliance-reference-0910,1.0,0.0,0.442664,0.0,5.0,0.0,0
compliance-reference-0911,2.0,2.0,0.510738,0.0,3.0,0.0,1
compliance-reference-0912,1.0,1.0,0.351045,0.0,1.0,1.0,0
compliance-reference-0913,1.0,4.0,0.952121,0.0,3.0,0.0,1
compliance-reference-0914,0.0,3.0,0.494884,1.0,2.0,0.0,0
compliance-reference-0915,0.0,2.0,0.917765,0.0,5.0,0.0,0
compliance-reference-0916,1.0,4.0,0.633086,0.0,3.0,0.0,1
compliance-reference-0917,2.0,3.0,0.117702,0.0,0.0,0.0,1
compliance-reference-0918,1.0,3.0,0.291361,0.0,3.0,0.0,0
compliance-reference-0919,0.0,0.0,0.813499,1.0,2.0,0.0,0
compliance-reference-0920,1.0,2.0,0.645572,0.0,1.0,1.0,1
compliance-reference-0921,1.0,1.0,0.021659,1.0,5.0,0.0,1
compliance-reference-0922,1.0,3.0,0.187701,1.0,3.0,1.0,1
compliance-reference-0923,0.0,4.0,0.329631,0.0,3.0,0.0,0
compliance-reference-0924,2.0,3.0,0.753028,0.0,0.0,0.0,1
compliance-reference-0925,0.0,4.0,0.576555,0.0,4.0,0.0,0
compliance-reference-0926,0.0,0.0,0.090077,0.0,4.0,0.0,0
compliance-reference-0927,0.0,4.0,0.660526,0.0,0.0,0.0,0
compliance-reference-0928,2.0,4.0,0.347306,0.0,4.0,0.0,1
compliance-reference-0929,0.0,3.0,0.20309,0.0,3.0,1.0,0
compliance-reference-0930,2.0,3.0,0.445779,0.0,2.0,0.0,1
compliance-reference-0931,1.0,3.0,0.846954,0.0,4.0,0.0,1
compliance-reference-0932,2.0,2.0,0.270253,0.0,5.0,0.0,1
compliance-reference-0933,2.0,3.0,0.518924,0.0,2.0,1.0,1
compliance-reference-0934,2.0,4.0,0.756342,0.0,4.0,0.0,1
compliance-reference-0935,1.0,3.0,0.240216,0.0,0.0,0.0,0
compliance-reference-0936,0.0,1.0,0.690322,0.0,1.0,1.0,0
compliance-reference-0937,0.0,2.0,0.652684,1.0,4.0,0.0,0
compliance-reference-0938,1.0,0.0,0.841826,1.0,1.0,0.0,1
compliance-reference-0939,1.0,0.0,0.589558,0.0,2.0,0.0,0
compliance-reference-0940,0.0,3.0,0.989165,0.0,1.0,0.0,0
compliance-reference-0941,1.0,1.0,0.506121,0.0,1.0,1.0,1
compliance-reference-0942,1.0,4.0,0.479191,0.0,5.0,1.0,1
compliance-reference-0943,2.0,3.0,0.064183,1.0,1.0,0.0,1
compliance-reference-0944,1.0,2.0,0.965807,0.0,0.0,0.0,1
compliance-reference-0945,0.0,4.0,0.980222,0.0,5.0,1.0,1
compliance-reference-0946,2.0,4.0,0.416847,0.0,2.0,0.0,1
compliance-reference-0947,2.0,2.0,0.875942,0.0,1.0,0.0,1
compliance-reference-0948,0.0,2.0,0.548519,0.0,3.0,1.0,0
compliance-reference-0949,0.0,4.0,0.943955,0.0,1.0,1.0,0
compliance-reference-0950,1.0,3.0,0.117353,1.0,2.0,0.0,1
compliance-reference-0951,1.0,3.0,0.620016,1.0,2.0,0.0,1
compliance-reference-0952,2.0,4.0,0.84068,0.0,0.0,1.0,1
compliance-reference-0953,1.0,2.0,0.41773,1.0,0.0,1.0,1
compliance-reference-0954,1.0,0.0,0.585949,0.0,2.0,0.0,0
compliance-reference-0955,0.0,1.0,0.10159,0.0,3.0,0.0,0
compliance-reference-0956,0.0,3.0,0.923337,0.0,3.0,0.0,0
compliance-reference-0957,1.0,4.0,0.55784,0.0,0.0,0.0,1
compliance-reference-0958,0.0,1.0,0.59424,1.0,4.0,0.0,0
compliance-reference-0959,2.0,1.0,0.912241,0.0,4.0,1.0,1
compliance-reference-0960,1.0,0.0,0.445898,0.0,2.0,1.0,0
compliance-reference-0961,0.0,0.0,0.788459,0.0,0.0,0.0,0
compliance-reference-0962,1.0,4.0,0.51072,1.0,5.0,0.0,1
compliance-reference-0963,2.0,3.0,0.916426,0.0,1.0,1.0,1
compliance-reference-0964,0.0,1.0,0.778712,0.0,3.0,0.0,0
compliance-reference-0965,0.0,2.0,0.127121,1.0,2.0,0.0,0
compliance-reference-0966,1.0,1.0,0.050738,0.0,4.0,1.0,1
compliance-reference-0967,0.0,3.0,0.569222,0.0,5.0,0.0,0
compliance-reference-0968,0.0,3.0,0.102583,0.0,0.0,0.0,0
compliance-reference-0969,2.0,1.0,0.182936,0.0,0.0,1.0,1
compliance-reference-0970,2.0,0.0,0.676067,0.0,0.0,0.0,1
compliance-reference-0971,0.0,1.0,0.720872,0.0,2.0,0.0,0
compliance-reference-0972,2.0,1.0,0.7797,1.0,3.0,0.0,1
compliance-reference-0973,2.0,1.0,0.028753,1.0,0.0,1.0,1
compliance-reference-0974,2.0,2.0,0.102272,0.0,3.0,0.0,1
compliance-reference-0975,2.0,0.0,0.310668,0.0,2.0,0.0,1
compliance-reference-0976,2.0,2.0,0.815947,0.0,5.0,0.0,1
compliance-reference-0977,0.0,2.0,0.799017,1.0,3.0,0.0,0
compliance-reference-0978,1.0,4.0,0.55269,1.0,4.0,0.0,1
compliance-reference-0979,1.0,2.0,0.31407,0.0,5.0,0.0,0
compliance-reference-0980,1.0,3.0,0.132325,0.0,2.0,0.0,1
compliance-reference-0981,0.0,0.0,0.324634,0.0,1.0,0.0,0
compliance-reference-0982,0.0,4.0,0.458108,1.0,4.0,1.0,1
compliance-reference-0983,2.0,0.0,0.464284,0.0,3.0,0.0,1
compliance-reference-0984,1.0,4.0,0.459625,0.0,2.0,0.0,1
compliance-reference-0985,1.0,2.0,0.464515,1.0,5.0,0.0,1
compliance-reference-0986,1.0,0.0,0.712562,0.0,3.0,0.0,0
compliance-reference-0987,0.0,2.0,0.862148,0.0,4.0,0.0,0
compliance-reference-0988,2.0,0.0,0.024313,0.0,3.0,0.0,1
compliance-reference-0989,0.0,0.0,0.416602,0.0,1.0,1.0,0
compliance-reference-0990,0.0,0.0,0.641239,1.0,4.0,0.0,0
compliance-reference-0991,1.0,4.0,0.80115,1.0,4.0,0.0,1
compliance-reference-0992,0.0,1.0,0.338407,1.0,5.0,0.0,0
compliance-reference-0993,0.0,3.0,0.742884,0.0,2.0,1.0,0
compliance-reference-0994,0.0,3.0,0.740513,0.0,2.0,0.0,0
compliance-reference-0995,1.0,1.0,0.062221,1.0,0.0,0.0,0
compliance-reference-0996,2.0,4.0,0.059962,0.0,1.0,0.0,1
compliance-reference-0997,0.0,3.0,0.678933,0.0,1.0,0.0,0
compliance-reference-0998,0.0,3.0,0.517829,1.0,1.0,0.0,0
compliance-reference-0999,2.0,1.0,0.620377,1.0,2.0,1.0,1
compliance-reference-1000,0.0,1.0,0.144924,0.0,5.0,0.0,0
compliance-reference-1001,1.0,4.0,0.458994,0.0,0.0,0.0,1
compliance-reference-1002,0.0,2.0,0.714894,0.0,5.0,0.0,0
compliance-reference-1003,2.0,1.0,0.284943,0.0,3.0,0.0,1
compliance-reference-1004,1.0,3.0,0.89032,0.0,5.0,1.0,1
compliance-reference-1005,2.0,3.0,0.753289,0.0,3.0,1.0,1
compliance-reference-1006,0.0,3.0,0.991892,0.0,0.0,1.0,1
compliance-reference-1007,1.0,4.0,0.597273,0.0,0.0,0.0,1
compliance-reference-1008,1.0,1.0,0.569186,0.0,5.0,0.0,1
compliance-reference-1009,0.0,2.0,0.838057,0.0,5.0,1.0,0
compliance-reference-1010,1.0,1.0,0.844696,0.0,5.0,0.0,0
compliance-reference-1011,2.0,2.0,0.377767,0.0,3.0,0.0,1
compliance-reference-1012,1.0,1.0,0.005918,0.0,2.0,1.0,0
compliance-reference-1013,2.0,4.0,0.563547,1.0,2.0,0.0,1
compliance-reference-1014,2.0,4.0,0.481908,0.0,2.0,1.0,1
compliance-reference-1015,0.0,4.0,0.332367,0.0,5.0,0.0,1
compliance-reference-1016,1.0,2.0,0.513484,1.0,5.0,0.0,1
compliance-reference-1017,0.0,2.0,0.925951,1.0,0.0,0.0,0
compliance-reference-1018,0.0,4.0,0.265087,0.0,0.0,0.0,0
compliance-reference-1019,2.0,3.0,0.911691,0.0,3.0,0.0,1
compliance-reference-1020,2.0,0.0,0.874802,0.0,0.0,0.0,1
compliance-reference-1021,2.0,0.0,0.459015,1.0,0.0,1.0,1
compliance-reference-1022,2.0,2.0,0.483086,0.0,4.0,0.0,1
compliance-reference-1023,0.0,2.0,0.857195,0.0,5.0,0.0,0
compliance-reference-1024,0.0,2.0,0.181089,0.0,1.0,0.0,0
compliance-reference-1025,1.0,4.0,0.404977,0.0,4.0,0.0,1
compliance-reference-1026,2.0,3.0,0.932515,0.0,3.0,0.0,1
compliance-reference-1027,2.0,1.0,0.453482,1.0,1.0,0.0,1
compliance-reference-1028,2.0,1.0,0.400745,0.0,4.0,0.0,1
compliance-reference-1029,2.0,4.0,0.75912,1.0,1.0,0.0,1
compliance-reference-1030,2.0,0.0,0.941906,0.0,2.0,1.0,1
compliance-reference-1031,2.0,1.0,0.076782,0.0,5.0,0.0,1
compliance-reference-1032,1.0,1.0,0.942297,0.0,3.0,0.0,0
compliance-reference-1033,2.0,3.0,0.628645,0.0,1.0,0.0,1
compliance-reference-1034,1.0,0.0,0.991831,0.0,5.0,1.0,1
compliance-reference-1035,1.0,3.0,0.654993,0.0,0.0,1.0,1
compliance-reference-1036,1.0,0.0,0.364529,0.0,1.0,0.0,0
compliance-reference-1037,2.0,0.0,0.2408,0.0,2.0,1.0,1
compliance-reference-1038,2.0,2.0,0.603631,0.0,4.0,0.0,1
compliance-reference-1039,0.0,0.0,0.0341,1.0,5.0,0.0,0
compliance-reference-1040,2.0,2.0,0.075664,0.0,2.0,1.0,1
compliance-reference-1041,2.0,2.0,0.177246,1.0,2.0,0.0,1
compliance-reference-1042,2.0,4.0,0.199337,0.0,1.0,0.0,1
compliance-reference-1043,0.0,1.0,0.083571,0.0,3.0,0.0,0
compliance-reference-1044,2.0,0.0,0.45604,0.0,5.0,0.0,1
compliance-reference-1045,2.0,0.0,0.772945,1.0,5.0,0.0,1
compliance-reference-1046,2.0,1.0,0.254889,0.0,5.0,1.0,1
compliance-reference-1047,2.0,1.0,0.10312,0.0,1.0,0.0,1
compliance-reference-1048,0.0,0.0,0.649729,0.0,0.0,0.0,0
compliance-reference-1049,2.0,2.0,0.573991,1.0,3.0,0.0,1
compliance-reference-1050,1.0,0.0,0.662019,1.0,0.0,0.0,0
compliance-reference-1051,2.0,4.0,0.923195,0.0,3.0,0.0,1
compliance-reference-1052,1.0,2.0,0.607312,1.0,5.0,0.0,1
compliance-reference-1053,2.0,4.0,0.674104,1.0,1.0,0.0,1
compliance-reference-1054,0.0,4.0,0.206334,0.0,2.0,1.0,0
compliance-reference-1055,0.0,3.0,0.155825,0.0,4.0,1.0,0
compliance-reference-1056,0.0,0.0,0.220811,0.0,4.0,0.0,0
compliance-reference-1057,1.0,2.0,0.961705,0.0,4.0,0.0,1
compliance-reference-1058,0.0,0.0,0.797089,0.0,5.0,0.0,0
compliance-reference-1059,1.0,2.0,0.62765,0.0,3.0,0.0,1
compliance-reference-1060,0.0,0.0,0.051052,1.0,1.0,0.0,0
compliance-reference-1061,2.0,4.0,0.948398,0.0,4.0,0.0,1
compliance-reference-1062,0.0,4.0,0.907814,0.0,1.0,0.0,0
compliance-reference-1063,1.0,1.0,0.410252,0.0,2.0,0.0,0
compliance-reference-1064,0.0,1.0,0.394486,0.0,2.0,0.0,0
compliance-reference-1065,2.0,0.0,0.094925,0.0,4.0,0.0,1
compliance-reference-1066,1.0,0.0,0.233639,0.0,0.0,0.0,0
compliance-reference-1067,2.0,2.0,0.416258,0.0,4.0,0.0,1
compliance-reference-1068,0.0,4.0,0.668278,0.0,4.0,1.0,1
compliance-reference-1069,0.0,3.0,0.399969,1.0,2.0,0.0,0
compliance-reference-1070,2.0,3.0,0.481904,0.0,3.0,1.0,1
compliance-reference-1071,2.0,1.0,0.869636,0.0,2.0,0.0,1
compliance-reference-1072,2.0,2.0,0.731605,0.0,0.0,1.0,1
compliance-reference-1073,0.0,3.0,0.826392,0.0,2.0,0.0,0
compliance-reference-1074,0.0,4.0,0.092827,0.0,0.0,0.0,0
compliance-reference-1075,1.0,2.0,0.158327,1.0,3.0,1.0,1
compliance-reference-1076,1.0,3.0,0.308492,0.0,4.0,0.0,1
compliance-reference-1077,2.0,1.0,0.077868,1.0,4.0,0.0,1
compliance-reference-1078,2.0,0.0,0.442584,0.0,4.0,1.0,1
compliance-reference-1079,2.0,0.0,0.908632,0.0,5.0,0.0,1
compliance-reference-1080,2.0,1.0,0.951016,0.0,3.0,0.0,1
compliance-reference-1081,1.0,3.0,0.121,0.0,5.0,1.0,1
compliance-reference-1082,1.0,4.0,0.567661,1.0,3.0,1.0,1
compliance-reference-1083,2.0,1.0,0.041704,1.0,3.0,1.0,1
compliance-reference-1084,0.0,1.0,0.344993,0.0,4.0,0.0,0
compliance-reference-1085,0.0,0.0,0.417174,0.0,4.0,1.0,0
compliance-reference-1086,0.0,3.0,0.292503,0.0,1.0,0.0,0
compliance-reference-1087,1.0,0.0,0.603561,0.0,4.0,1.0,0
compliance-reference-1088,2.0,1.0,0.330059,0.0,3.0,0.0,1
compliance-reference-1089,1.0,3.0,0.252501,0.0,4.0,0.0,1
compliance-reference-1090,2.0,4.0,0.788932,1.0,5.0,1.0,1
compliance-reference-1091,2.0,2.0,0.265551,0.0,3.0,0.0,1
compliance-reference-1092,1.0,2.0,0.466687,0.0,0.0,0.0,0
compliance-reference-1093,2.0,2.0,0.710679,0.0,1.0,1.0,1
compliance-reference-1094,2.0,4.0,0.237992,0.0,1.0,0.0,1
compliance-reference-1095,2.0,0.0,0.271109,1.0,0.0,1.0,1
compliance-reference-1096,1.0,1.0,0.707005,0.0,1.0,0.0,0
compliance-reference-1097,2.0,3.0,0.038506,1.0,0.0,0.0,1
compliance-reference-1098,0.0,4.0,0.503964,1.0,3.0,0.0,1
compliance-reference-1099,2.0,0.0,0.051554,0.0,3.0,0.0,1
compliance-reference-1100,2.0,1.0,0.819853,0.0,0.0,0.0,1
compliance-reference-1101,0.0,1.0,0.798233,1.0,2.0,1.0,0
compliance-reference-1102,2.0,3.0,0.677865,0.0,0.0,0.0,1
compliance-reference-1103,2.0,3.0,0.007752,0.0,0.0,0.0,1
compliance-reference-1104,0.0,1.0,0.787018,0.0,1.0,0.0,0
compliance-reference-1105,1.0,3.0,0.393354,0.0,0.0,0.0,1
compliance-reference-1106,0.0,1.0,0.188675,0.0,5.0,0.0,0
compliance-reference-1107,1.0,2.0,0.892975,0.0,1.0,1.0,1
compliance-reference-1108,2.0,2.0,0.651407,1.0,3.0,1.0,1
compliance-reference-1109,1.0,3.0,0.379694,0.0,1.0,0.0,0
compliance-reference-1110,1.0,4.0,0.910326,0.0,0.0,0.0,1
compliance-reference-1111,2.0,3.0,0.036201,0.0,1.0,0.0,1
compliance-reference-1112,1.0,4.0,0.104839,0.0,5.0,1.0,1
compliance-reference-1113,1.0,4.0,0.287473,1.0,3.0,1.0,1
compliance-reference-1114,0.0,2.0,0.189555,0.0,2.0,0.0,0
compliance-reference-1115,2.0,4.0,0.276511,0.0,3.0,0.0,1
compliance-reference-1116,2.0,2.0,0.693786,1.0,3.0,1.0,1
compliance-reference-1117,1.0,2.0,0.042551,1.0,5.0,0.0,1
compliance-reference-1118,2.0,1.0,0.366079,0.0,3.0,0.0,1
compliance-reference-1119,1.0,3.0,0.905666,0.0,3.0,1.0,1
compliance-reference-1120,0.0,1.0,0.022298,1.0,5.0,0.0,0
compliance-reference-1121,1.0,0.0,0.336355,0.0,3.0,1.0,0
compliance-reference-1122,0.0,1.0,0.384523,0.0,4.0,0.0,0
compliance-reference-1123,0.0,3.0,0.409998,1.0,0.0,1.0,1
compliance-reference-1124,1.0,4.0,0.274766,0.0,1.0,0.0,1
compliance-reference-1125,0.0,3.0,0.028823,1.0,1.0,0.0,1
compliance-reference-1126,2.0,3.0,0.208211,1.0,0.0,0.0,1
compliance-reference-1127,2.0,4.0,0.191038,0.0,3.0,1.0,1
compliance-reference-1128,2.0,3.0,0.22608,1.0,3.0,0.0,1
compliance-reference-1129,0.0,3.0,0.529817,0.0,1.0,0.0,0
compliance-reference-1130,2.0,4.0,0.58967,0.0,0.0,0.0,1
compliance-reference-1131,2.0,2.0,0.271249,1.0,3.0,1.0,1
compliance-reference-1132,0.0,1.0,0.047603,0.0,4.0,0.0,0
compliance-reference-1133,2.0,3.0,0.343079,0.0,1.0,0.0,1
compliance-reference-1134,2.0,2.0,0.420646,0.0,4.0,0.0,1
compliance-reference-1135,0.0,1.0,0.742603,1.0,2.0,0.0,0
compliance-reference-1136,0.0,2.0,0.710249,0.0,5.0,0.0,0
compliance-reference-1137,2.0,0.0,0.841529,0.0,3.0,0.0,1
compliance-reference-1138,1.0,0.0,0.064406,0.0,0.0,1.0,0
compliance-reference-1139,0.0,0.0,0.61538,0.0,4.0,0.0,0
compliance-reference-1140,1.0,1.0,0.170475,0.0,5.0,0.0,0
compliance-reference-1141,2.0,2.0,0.871657,0.0,1.0,1.0,1
compliance-reference-1142,0.0,3.0,0.878584,0.0,4.0,0.0,0
compliance-reference-1143,0.0,4.0,0.760789,0.0,4.0,1.0,1
compliance-reference-1144,2.0,0.0,0.40559,0.0,2.0,1.0,1
compliance-reference-1145,1.0,3.0,0.44166,1.0,3.0,0.0,1
compliance-reference-1146,2.0,4.0,0.248982,0.0,2.0,0.0,1
compliance-reference-1147,0.0,1.0,0.143433,0.0,4.0,1.0,0
compliance-reference-1148,0.0,2.0,0.837661,0.0,2.0,1.0,0
compliance-reference-1149,0.0,1.0,0.749084,1.0,2.0,0.0,0
compliance-reference-1150,2.0,2.0,0.518935,1.0,4.0,1.0,1
compliance-reference-1151,0.0,4.0,0.746325,0.0,2.0,0.0,0
compliance-reference-1152,0.0,0.0,0.847891,0.0,5.0,1.0,0
compliance-reference-1153,1.0,1.0,0.495528,0.0,2.0,0.0,0
compliance-reference-1154,0.0,0.0,0.09351,0.0,0.0,1.0,0
compliance-reference-1155,2.0,0.0,0.824612,0.0,2.0,1.0,1
compliance-reference-1156,0.0,0.0,0.089358,0.0,3.0,1.0,0
compliance-reference-1157,0.0,0.0,0.959907,0.0,3.0,1.0,0
compliance-reference-1158,0.0,4.0,0.377295,0.0,1.0,0.0,0
compliance-reference-1159,2.0,4.0,0.57269,1.0,5.0,1.0,1
compliance-reference-1160,0.0,0.0,0.406039,0.0,3.0,1.0,0
compliance-reference-1161,0.0,1.0,0.734812,0.0,0.0,0.0,0
compliance-reference-1162,1.0,4.0,0.609758,0.0,3.0,1.0,1
compliance-reference-1163,1.0,3.0,0.183633,0.0,1.0,0.0,1
compliance-reference-1164,0.0,4.0,0.175516,1.0,3.0,1.0,1
compliance-reference-1165,0.0,2.0,0.975542,0.0,4.0,0.0,0
compliance-reference-1166,2.0,3.0,0.375982,1.0,4.0,0.0,1
compliance-reference-1167,0.0,1.0,0.201667,0.0,2.0,1.0,0
compliance-reference-1168,1.0,4.0,0.109759,1.0,0.0,1.0,1
compliance-reference-1169,0.0,3.0,0.631401,0.0,5.0,0.0,0
compliance-reference-1170,2.0,3.0,0.967326,1.0,3.0,0.0,1
compliance-reference-1171,0.0,0.0,0.255514,0.0,4.0,0.0,0
compliance-reference-1172,0.0,0.0,0.782374,1.0,5.0,0.0,0
compliance-reference-1173,0.0,4.0,0.829975,0.0,4.0,0.0,0
compliance-reference-1174,1.0,4.0,0.889064,0.0,4.0,0.0,1
compliance-reference-1175,1.0,3.0,0.093346,1.0,3.0,0.0,1
compliance-reference-1176,0.0,1.0,0.411603,0.0,3.0,1.0,0
compliance-reference-1177,2.0,3.0,0.533199,0.0,3.0,0.0,1
compliance-reference-1178,2.0,3.0,0.046587,0.0,3.0,0.0,1
compliance-reference-1179,2.0,1.0,0.209394,0.0,2.0,0.0,1
compliance-reference-1180,1.0,1.0,0.607072,1.0,0.0,1.0,1
compliance-reference-1181,2.0,0.0,0.166668,0.0,1.0,0.0,1
compliance-reference-1182,0.0,1.0,0.200396,0.0,1.0,0.0,0
compliance-reference-1183,0.0,0.0,0.51942,1.0,0.0,0.0,0
compliance-reference-1184,0.0,1.0,0.903219,0.0,2.0,1.0,0
compliance-reference-1185,0.0,0.0,0.324761,0.0,4.0,1.0,0
compliance-reference-1186,1.0,3.0,0.298382,0.0,2.0,0.0,1
compliance-reference-1187,1.0,4.0,0.946679,0.0,0.0,0.0,1
compliance-reference-1188,1.0,3.0,0.792536,0.0,1.0,0.0,1
compliance-reference-1189,2.0,2.0,0.247136,0.0,0.0,1.0,1
compliance-reference-1190,2.0,4.0,0.001256,1.0,5.0,0.0,1
compliance-reference-1191,2.0,1.0,0.858326,0.0,1.0,1.0,1
compliance-reference-1192,2.0,3.0,0.098356,1.0,0.0,0.0,1
compliance-reference-1193,0.0,2.0,0.292163,0.0,2.0,0.0,0
compliance-reference-1194,2.0,2.0,0.641041,0.0,1.0,0.0,1
compliance-reference-1195,2.0,1.0,0.379953,0.0,2.0,0.0,1
compliance-reference-1196,0.0,3.0,0.451541,1.0,2.0,1.0,1
compliance-reference-1197,2.0,0.0,0.555597,1.0,4.0,0.0,1
compliance-reference-1198,0.0,3.0,0.425059,0.0,2.0,0.0,0
compliance-reference-1199,0.0,4.0,0.493235,0.0,3.0,0.0,0
compliance-reference-1200,1.0,0.0,0.529202,0.0,4.0,0.0,0
