split,client_id,sample_id,x1,x2,label
train,client-alpha,client-alpha-0001,0.21008325,-0.26522915,1
train,client-alpha,client-alpha-0002,0.24105143,0.17839824,0
train,client-alpha,client-alpha-0003,-2.08032127,1.05574964,0
train,client-alpha,client-alpha-0004,-3.24497367,-0.86376231,0
train,client-alpha,client-alpha-0005,-0.43342771,-1.30101287,0
train,client-alpha,client-alpha-0006,-1.81218149,1.32690241,0
train,client-alpha,client-alpha-0007,0.74282346,-0.13685464,1
train,client-alpha,client-alpha-0008,-2.33863032,-0.57453211,0
train,client-alpha,client-alpha-0009,-1.79216866,0.07837922,0
train,client-alpha,client-alpha-0010,0.55356457,-0.36290599,1
train,client-alpha,client-alpha-0011,-0.92346233,0.73995152,1
train,client-alpha,client-alpha-0012,-0.44599495,-1.06087966,1
train,client-alpha,client-alpha-0013,-0.33603977,-0.40936771,1
train,client-alpha,client-alpha-0014,-0.59493313,1.28625536,0
train,client-alpha,client-alpha-0015,-1.00790492,1.2876969,0
train,client-alpha,client-alpha-0016,-1.6347497,0.9923625,1
train,client-alpha,client-alpha-0017,-1.3368122,-1.4435168,0
train,client-alpha,client-alpha-0018,-0.9365541,0.10492227,0
train,client-alpha,client-alpha-0019,0.15165281,-0.64099395,1
train,client-alpha,client-alpha-0020,0.27105989,0.56140152,0
train,client-alpha,client-alpha-0021,-2.63088794,-0.26413995,0
train,client-alpha,client-alpha-0022,-0.0513085,-0.69548312,0
train,client-alpha,client-alpha-0023,-2.77906746,0.09238562,0
train,client-alpha,client-alpha-0024,-1.336697,0.21485982,0
train,client-alpha,client-alpha-0025,-1.46209126,0.848749,0
train,client-alpha,client-alpha-0026,-2.09927161,0.17510521,0
train,client-alpha,client-alpha-0027,0.43706507,0.77181466,0
train,client-alpha,client-alpha-0028,-1.11243816,-0.54804965,1
train,client-alpha,client-alpha-0029,-0.83277049,-0.72624137,1
train,client-alpha,client-alpha-0030,-0.83585727,2.01733905,0
train,client-alpha,client-alpha-0031,-0.45475489,0.98009151,0
train,client-alpha,client-alpha-0032,-1.77230392,-1.05470966,0
train,client-alpha,client-alpha-0033,-0.6526664,0.12788658,1
train,client-alpha,client-alpha-0034,1.0867875,1.40852982,0
train,client-alpha,client-alpha-0035,-2.11318865,2.79117032,0
train,client-alpha,client-alpha-0036,0.22986097,0.76752653,0
train,client-alpha,client-alpha-0037,-0.6174132,0.62423977,0
train,client-alpha,client-alpha-0038,-1.51449676,1.12890243,0
train,client-alpha,client-alpha-0039,-1.4985029,-0.29254709,0
train,client-alpha,client-alpha-0040,-1.4552475,0.17077624,0
train,client-alpha,client-alpha-0041,-0.95274812,-0.39182474,1
train,client-alpha,client-alpha-0042,0.81666733,0.16927549,0
train,client-alpha,client-alpha-0043,-0.81690801,-0.63991412,1
train,client-alpha,client-alpha-0044,-0.57816361,-0.02477034,1
train,client-alpha,client-alpha-0045,-1.70262214,1.67929881,0
train,client-alpha,client-alpha-0046,1.21772007,1.25165349,0
train,client-alpha,client-alpha-0047,0.52113873,1.22337176,0
train,client-alpha,client-alpha-0048,-0.99100039,0.29597543,0
train,client-alpha,client-alpha-0049,-0.3326581,-0.38180496,1
train,client-alpha,client-alpha-0050,-0.70821756,1.33179476,0
train,client-alpha,client-alpha-0051,-1.84607626,1.61978374,0
train,client-alpha,client-alpha-0052,-1.25493635,-0.10040802,0
train,client-alpha,client-alpha-0053,-0.04523876,0.24851833,1
train,client-alpha,client-alpha-0054,-0.21081461,2.49688788,0
train,client-alpha,client-alpha-0055,-0.36245931,1.30665933,0
train,client-alpha,client-alpha-0056,-1.23675605,0.64788628,0
train,client-alpha,client-alpha-0057,0.1849784,1.18525834,0
train,client-alpha,client-alpha-0058,-0.4301851,1.09081233,1
train,client-alpha,client-alpha-0059,-2.95505561,0.43978302,0
train,client-alpha,client-alpha-0060,-1.52978454,0.22567201,0
train,client-alpha,client-alpha-0061,-1.18377038,-0.68566935,1
train,client-alpha,client-alpha-0062,0.08858584,-0.11713245,1
train,client-alpha,client-alpha-0063,-1.83315417,0.7666201,0
train,client-alpha,client-alpha-0064,-1.75461298,1.03419955,0
train,client-alpha,client-alpha-0065,-2.35352109,-0.42375227,0
train,client-alpha,client-alpha-0066,-0.11484751,1.99131396,0
train,client-alpha,client-alpha-0067,-1.06375483,-0.80976832,0
train,client-alpha,client-alpha-0068,-0.24845502,0.83451558,0
train,client-alpha,client-alpha-0069,-1.02554398,-0.26296449,0
train,client-alpha,client-alpha-0070,-0.77537871,2.1758559,0
train,client-alpha,client-alpha-0071,-1.57188695,0.97515033,0
train,client-alpha,client-alpha-0072,-0.65110639,0.88349141,0
train,client-alpha,client-alpha-0073,-0.0252503,-1.64767691,1
train,client-alpha,client-alpha-0074,-0.45514039,0.424327,1
train,client-alpha,client-alpha-0075,-0.48964904,-0.63851987,1
train,client-alpha,client-alpha-0076,-0.91769921,2.37198804,0
train,client-alpha,client-alpha-0077,-1.50461573,1.58516527,0
train,client-alpha,client-alpha-0078,-2.46992348,-0.97630704,1
train,client-alpha,client-alpha-0079,0.04175038,0.008276,0
train,client-alpha,client-alpha-0080,0.32662864,0.32067269,0
train,client-alpha,client-alpha-0081,-2.5522937,0.85228049,0
train,client-alpha,client-alpha-0082,-2.06677236,-0.72778924,0
train,client-alpha,client-alpha-0083,0.11340376,-1.21475526,1
train,client-alpha,client-alpha-0084,-0.46995812,1.89792462,0
train,client-alpha,client-alpha-0085,-0.23497634,0.4957507,0
train,client-alpha,client-alpha-0086,-2.06144708,-0.81702956,1
train,client-alpha,client-alpha-0087,-1.20900666,-0.68918088,0
train,client-alpha,client-alpha-0088,-1.23106446,-1.48082869,1
train,client-alpha,client-alpha-0089,-1.72893553,-0.64791523,0
train,client-alpha,client-alpha-0090,-0.8899413,1.3972383,0
train,client-alpha,client-alpha-0091,-0.5533939,-0.94926596,1
train,client-alpha,client-alpha-0092,-0.87134422,-0.21156386,1
train,client-alpha,client-alpha-0093,-1.28750592,-0.72951892,1
train,client-alpha,client-alpha-0094,-0.47879076,1.16551943,0
train,client-alpha,client-alpha-0095,-0.17643893,1.01757325,0
train,client-alpha,client-alpha-0096,1.18408554,1.29270904,1
train,client-alpha,client-alpha-0097,-1.60834746,1.02866319,0
train,client-alpha,client-alpha-0098,-0.82365318,0.46616532,0
train,client-alpha,client-alpha-0099,-0.69604149,0.73050653,0
train,client-alpha,client-alpha-0100,-0.57116423,1.6967734,0
train,client-alpha,client-alpha-0101,-1.55509886,-0.05100266,0
train,client-alpha,client-alpha-0102,-0.91255835,-1.03413284,1
train,client-alpha,client-alpha-0103,0.12325402,3.51985248,0
train,client-alpha,client-alpha-0104,1.0755827,0.9616093,0
train,client-alpha,client-alpha-0105,-0.6597245,0.42003264,0
train,client-alpha,client-alpha-0106,-0.82672093,1.45602333,0
train,client-alpha,client-alpha-0107,-0.14404734,-0.41866188,1
train,client-alpha,client-alpha-0108,-0.46085503,1.0908384,0
train,client-alpha,client-alpha-0109,-1.40845643,1.56136425,0
train,client-alpha,client-alpha-0110,-1.79078114,2.14719225,0
train,client-alpha,client-alpha-0111,-1.8428041,0.3959045,0
train,client-alpha,client-alpha-0112,-0.02309745,0.09562718,1
train,client-alpha,client-alpha-0113,-0.54012714,-1.93917204,1
train,client-alpha,client-alpha-0114,0.23143243,-0.08727667,0
train,client-alpha,client-alpha-0115,-1.13730304,0.27199158,0
train,client-alpha,client-alpha-0116,-1.67192252,-1.07619008,1
train,client-alpha,client-alpha-0117,-0.33998492,-0.11309364,0
train,client-alpha,client-alpha-0118,0.21346834,-1.46230102,1
train,client-alpha,client-alpha-0119,-0.84256384,0.45676144,0
train,client-alpha,client-alpha-0120,-0.84478578,-0.06687414,0
train,client-bravo,client-bravo-0001,0.14477143,1.98168223,0
train,client-bravo,client-bravo-0002,1.4411972,2.1494064,1
train,client-bravo,client-bravo-0003,-1.54037107,-0.31764577,0
train,client-bravo,client-bravo-0004,0.00169994,0.95479962,1
train,client-bravo,client-bravo-0005,-0.88515098,-0.09476114,1
train,client-bravo,client-bravo-0006,0.73656937,-1.40982397,1
train,client-bravo,client-bravo-0007,0.58756589,0.4415961,0
train,client-bravo,client-bravo-0008,1.04791025,0.32070116,1
train,client-bravo,client-bravo-0009,1.79175497,-0.72048362,1
train,client-bravo,client-bravo-0010,0.49174419,0.99000977,0
train,client-bravo,client-bravo-0011,0.43569504,-1.58098847,1
train,client-bravo,client-bravo-0012,0.68280972,1.02334686,0
train,client-bravo,client-bravo-0013,-0.71138373,-0.96714936,1
train,client-bravo,client-bravo-0014,0.69160692,-1.14381049,1
train,client-bravo,client-bravo-0015,-1.90773806,-0.63539163,0
train,client-bravo,client-bravo-0016,0.58562482,-0.12203219,1
train,client-bravo,client-bravo-0017,-1.76996853,1.53982772,0
train,client-bravo,client-bravo-0018,2.13856937,1.0871582,0
train,client-bravo,client-bravo-0019,-1.96058687,-0.52772214,0
train,client-bravo,client-bravo-0020,-0.30755183,0.6310462,1
train,client-bravo,client-bravo-0021,0.60424163,-0.67957188,1
train,client-bravo,client-bravo-0022,-0.07120165,-0.86699306,1
train,client-bravo,client-bravo-0023,-1.38193915,0.44615027,0
train,client-bravo,client-bravo-0024,1.14562461,-1.01826994,1
train,client-bravo,client-bravo-0025,-1.74602725,1.12520187,0
train,client-bravo,client-bravo-0026,1.18826463,0.0636983,1
train,client-bravo,client-bravo-0027,1.19230105,0.09047224,0
train,client-bravo,client-bravo-0028,0.26265831,0.12591562,0
train,client-bravo,client-bravo-0029,0.21704177,-1.20948603,1
train,client-bravo,client-bravo-0030,0.13216185,-2.34015882,1
train,client-bravo,client-bravo-0031,-0.12606799,0.84375681,0
train,client-bravo,client-bravo-0032,0.00089405,-1.24243767,1
train,client-bravo,client-bravo-0033,-2.79642706,0.5327518,0
train,client-bravo,client-bravo-0034,1.50069773,1.41313643,1
train,client-bravo,client-bravo-0035,-0.55603562,0.66948759,1
train,client-bravo,client-bravo-0036,-0.76754086,0.31491164,0
train,client-bravo,client-bravo-0037,-0.53763709,-0.08719167,0
train,client-bravo,client-bravo-0038,-0.78288999,0.52871314,0
train,client-bravo,client-bravo-0039,0.40246279,2.22030795,0
train,client-bravo,client-bravo-0040,-0.33577644,0.88450856,0
train,client-bravo,client-bravo-0041,-1.4580483,-3.04222593,1
train,client-bravo,client-bravo-0042,-0.49284456,2.46213323,0
train,client-bravo,client-bravo-0043,0.47473324,1.61059037,0
train,client-bravo,client-bravo-0044,-0.2954724,-0.75042748,1
train,client-bravo,client-bravo-0045,0.07679547,1.69528987,0
train,client-bravo,client-bravo-0046,1.18519044,-3.06660969,1
train,client-bravo,client-bravo-0047,-1.0490681,0.69536496,1
train,client-bravo,client-bravo-0048,0.42841979,1.33103079,1
train,client-bravo,client-bravo-0049,1.03127313,0.99185082,0
train,client-bravo,client-bravo-0050,0.28904087,-0.51704108,1
train,client-bravo,client-bravo-0051,1.25042444,-0.92098414,1
train,client-bravo,client-bravo-0052,-0.30845332,2.01604713,0
train,client-bravo,client-bravo-0053,-0.30293502,-0.98359814,1
train,client-bravo,client-bravo-0054,-0.03575908,1.08607098,0
train,client-bravo,client-bravo-0055,1.99803571,0.42325131,1
train,client-bravo,client-bravo-0056,0.9617178,0.0159029,0
train,client-bravo,client-bravo-0057,0.99108908,0.58371821,1
train,client-bravo,client-bravo-0058,-1.17640361,0.13698859,0
train,client-bravo,client-bravo-0059,0.83249859,-0.25276781,0
train,client-bravo,client-bravo-0060,2.06878759,1.71035193,0
train,client-bravo,client-bravo-0061,1.05142295,0.61044211,0
train,client-bravo,client-bravo-0062,-0.61306159,-1.59171965,1
train,client-bravo,client-bravo-0063,-2.09520495,1.26654575,0
train,client-bravo,client-bravo-0064,-0.99476006,0.08590878,0
train,client-bravo,client-bravo-0065,-1.54472356,-0.76293168,1
train,client-bravo,client-bravo-0066,0.59329266,-1.34095422,1
train,client-bravo,client-bravo-0067,0.66765511,1.0895203,0
train,client-bravo,client-bravo-0068,0.35205717,0.71140674,0
train,client-bravo,client-bravo-0069,0.9177348,0.71599094,0
train,client-bravo,client-bravo-0070,-2.03818432,-0.64761972,0
train,client-bravo,client-bravo-0071,-1.39596296,0.5283722,0
train,client-bravo,client-bravo-0072,-0.89192452,-1.22944271,1
train,client-bravo,client-bravo-0073,-0.78148255,-1.17739124,1
train,client-bravo,client-bravo-0074,-0.73591347,1.31182,0
train,client-bravo,client-bravo-0075,0.28073244,-0.66687251,0
train,client-bravo,client-bravo-0076,-0.67884327,0.5129939,0
train,client-bravo,client-bravo-0077,-1.67834101,-2.38788873,0
train,client-bravo,client-bravo-0078,-0.42305631,-1.15396064,1
train,client-bravo,client-bravo-0079,0.65487835,0.05473852,1
train,client-bravo,client-bravo-0080,-1.34680951,0.60108724,0
train,client-bravo,client-bravo-0081,0.32326482,-1.38249527,1
train,client-bravo,client-bravo-0082,0.06798239,0.4198101,0
train,client-bravo,client-bravo-0083,-0.55812183,-0.17244211,1
train,client-bravo,client-bravo-0084,-0.65438118,-0.92321769,1
train,client-bravo,client-bravo-0085,0.60905595,-0.72694393,1
train,client-bravo,client-bravo-0086,1.14502672,-1.15286938,1
train,client-bravo,client-bravo-0087,-0.5334492,0.14880366,1
train,client-bravo,client-bravo-0088,0.40337139,-1.58770724,1
train,client-bravo,client-bravo-0089,-0.49523949,-0.63460958,1
train,client-bravo,client-bravo-0090,-1.57771892,-0.70282376,0
train,client-bravo,client-bravo-0091,1.81686505,0.39241595,0
train,client-bravo,client-bravo-0092,0.33752381,1.98863572,0
train,client-bravo,client-bravo-0093,0.65369205,-2.73631361,1
train,client-bravo,client-bravo-0094,-0.31957629,-0.05561354,0
train,client-bravo,client-bravo-0095,-0.96595162,0.12363654,0
train,client-bravo,client-bravo-0096,-1.18522587,-0.82503602,0
train,client-bravo,client-bravo-0097,0.14390484,-0.07151076,0
train,client-bravo,client-bravo-0098,0.70686132,1.96503174,0
train,client-bravo,client-bravo-0099,1.35532994,0.12912294,1
train,client-bravo,client-bravo-0100,-0.29988998,0.01534767,0
train,client-bravo,client-bravo-0101,-0.47853697,0.17887521,1
train,client-bravo,client-bravo-0102,1.73171744,1.68835625,1
train,client-bravo,client-bravo-0103,0.37053691,-0.74026561,1
train,client-bravo,client-bravo-0104,-0.28289692,0.06014474,0
train,client-bravo,client-bravo-0105,-0.46388877,-1.06903252,0
train,client-bravo,client-bravo-0106,0.53290611,-0.15130537,1
train,client-bravo,client-bravo-0107,-0.71849296,1.25434514,0
train,client-bravo,client-bravo-0108,-0.19051785,0.77482557,0
train,client-bravo,client-bravo-0109,1.18395963,2.87763965,1
train,client-bravo,client-bravo-0110,0.20526129,1.51935092,0
train,client-bravo,client-bravo-0111,-0.52523678,-0.25565555,1
train,client-bravo,client-bravo-0112,0.41344356,0.02915746,0
train,client-bravo,client-bravo-0113,0.35383537,-0.78824939,1
train,client-bravo,client-bravo-0114,0.82124039,0.44670158,1
train,client-bravo,client-bravo-0115,0.6216098,0.49537923,1
train,client-bravo,client-bravo-0116,-0.60432799,0.56653572,0
train,client-bravo,client-bravo-0117,-1.65459982,0.17311611,0
train,client-bravo,client-bravo-0118,-1.0267668,0.4829058,0
train,client-bravo,client-bravo-0119,-0.84287838,-1.54674554,1
train,client-bravo,client-bravo-0120,3.05325684,0.28831129,1
train,client-charlie,client-charlie-0001,0.7601424,-0.49542655,1
train,client-charlie,client-charlie-0002,0.48598377,-1.83842955,1
train,client-charlie,client-charlie-0003,2.10150796,0.88663763,1
train,client-charlie,client-charlie-0004,2.12363544,0.56171737,1
train,client-charlie,client-charlie-0005,0.05721115,-1.73504229,1
train,client-charlie,client-charlie-0006,-1.64279546,0.16343861,0
train,client-charlie,client-charlie-0007,0.40972688,-1.38909642,1
train,client-charlie,client-charlie-0008,1.38285454,-0.33477866,1
train,client-charlie,client-charlie-0009,-0.11750608,0.99853521,0
train,client-charlie,client-charlie-0010,0.79050914,-1.40047054,1
train,client-charlie,client-charlie-0011,1.76234939,0.78463227,1
train,client-charlie,client-charlie-0012,0.62673224,-2.28882745,1
train,client-charlie,client-charlie-0013,0.26899329,-1.02776868,1
train,client-charlie,client-charlie-0014,1.24534074,0.6663261,1
train,client-charlie,client-charlie-0015,-0.30584291,-0.34506259,0
train,client-charlie,client-charlie-0016,1.88256636,0.09219029,1
train,client-charlie,client-charlie-0017,-0.82240794,2.07895947,0
train,client-charlie,client-charlie-0018,1.88882936,0.04381277,1
train,client-charlie,client-charlie-0019,-0.4687813,-1.59964448,1
train,client-charlie,client-charlie-0020,0.1003326,0.97007845,0
train,client-charlie,client-charlie-0021,1.61540649,-0.19795368,1
train,client-charlie,client-charlie-0022,0.01800413,-1.66700971,1
train,client-charlie,client-charlie-0023,0.1418801,0.87187528,0
train,client-charlie,client-charlie-0024,1.19409514,-1.79164718,1
train,client-charlie,client-charlie-0025,1.62325451,-1.98955453,1
train,client-charlie,client-charlie-0026,0.51404333,-1.77969825,1
train,client-charlie,client-charlie-0027,0.27746274,-0.23722742,1
train,client-charlie,client-charlie-0028,-0.7353881,0.76079886,0
train,client-charlie,client-charlie-0029,2.07250495,-0.66222184,1
train,client-charlie,client-charlie-0030,-0.21746259,-0.40019149,0
train,client-charlie,client-charlie-0031,0.56773571,-2.67840664,1
train,client-charlie,client-charlie-0032,0.40387807,0.53313942,1
train,client-charlie,client-charlie-0033,1.02686347,-1.80221505,1
train,client-charlie,client-charlie-0034,0.80090388,0.20766303,1
train,client-charlie,client-charlie-0035,0.83743128,-0.86896849,1
train,client-charlie,client-charlie-0036,1.26909454,0.49780069,1
train,client-charlie,client-charlie-0037,0.86253784,0.12727256,1
train,client-charlie,client-charlie-0038,-0.80601548,-2.6284789,1
train,client-charlie,client-charlie-0039,1.71832128,0.37356983,1
train,client-charlie,client-charlie-0040,1.94341853,-0.45058051,1
train,client-charlie,client-charlie-0041,1.04173035,-1.01453744,1
train,client-charlie,client-charlie-0042,-0.65121588,1.83738148,0
train,client-charlie,client-charlie-0043,-1.15825389,-1.01433229,1
train,client-charlie,client-charlie-0044,1.95276102,0.23913366,1
train,client-charlie,client-charlie-0045,1.65099032,-0.87874682,1
train,client-charlie,client-charlie-0046,1.17617285,-0.09751948,1
train,client-charlie,client-charlie-0047,1.31267269,-1.44382598,1
train,client-charlie,client-charlie-0048,0.4787123,0.0107982,1
train,client-charlie,client-charlie-0049,-1.12603888,-0.51132865,1
train,client-charlie,client-charlie-0050,0.55978243,-1.12095712,1
train,client-charlie,client-charlie-0051,1.57857258,-0.06617413,1
train,client-charlie,client-charlie-0052,2.36894263,1.9268636,0
train,client-charlie,client-charlie-0053,0.93466665,-1.57890315,1
train,client-charlie,client-charlie-0054,2.14952836,-2.11563441,1
train,client-charlie,client-charlie-0055,1.21829105,1.10642964,1
train,client-charlie,client-charlie-0056,1.03652132,-1.58557942,1
train,client-charlie,client-charlie-0057,0.73197657,0.93288227,0
train,client-charlie,client-charlie-0058,1.35176936,0.42196682,0
train,client-charlie,client-charlie-0059,-0.01742764,-1.53149683,1
train,client-charlie,client-charlie-0060,2.9620089,-1.97015903,1
train,client-charlie,client-charlie-0061,1.58264172,0.32206892,1
train,client-charlie,client-charlie-0062,-0.49363261,0.76294377,0
train,client-charlie,client-charlie-0063,1.7796955,-0.0471518,1
train,client-charlie,client-charlie-0064,1.05262713,-0.73421424,1
train,client-charlie,client-charlie-0065,-0.49915301,-1.59857826,1
train,client-charlie,client-charlie-0066,1.54874575,-0.74695527,1
train,client-charlie,client-charlie-0067,0.94769476,0.20275861,0
train,client-charlie,client-charlie-0068,1.30093225,-0.33493475,1
train,client-charlie,client-charlie-0069,-0.71158117,-1.79066096,1
train,client-charlie,client-charlie-0070,1.3304453,-0.914031,1
train,client-charlie,client-charlie-0071,0.61202208,-1.19619833,1
train,client-charlie,client-charlie-0072,-0.02595504,-0.397725,1
train,client-charlie,client-charlie-0073,-0.1462223,-1.42823088,1
train,client-charlie,client-charlie-0074,0.67946338,-1.59463803,1
train,client-charlie,client-charlie-0075,0.45505851,0.52094378,0
train,client-charlie,client-charlie-0076,-0.62173175,-1.84244434,1
train,client-charlie,client-charlie-0077,1.54565213,-0.71892054,1
train,client-charlie,client-charlie-0078,1.24210412,-1.20502458,1
train,client-charlie,client-charlie-0079,2.12864254,-0.63751218,1
train,client-charlie,client-charlie-0080,0.96026212,-0.58443895,1
train,client-charlie,client-charlie-0081,-0.95862091,-0.33347683,0
train,client-charlie,client-charlie-0082,-0.40525603,-0.59500097,1
train,client-charlie,client-charlie-0083,0.19656457,0.49774752,0
train,client-charlie,client-charlie-0084,0.7957871,1.51944821,1
train,client-charlie,client-charlie-0085,2.00453727,1.54805536,1
train,client-charlie,client-charlie-0086,0.462925,0.23312598,1
train,client-charlie,client-charlie-0087,0.99563387,0.05722149,0
train,client-charlie,client-charlie-0088,3.01817016,-0.78808548,1
train,client-charlie,client-charlie-0089,1.32067921,-1.47368137,1
train,client-charlie,client-charlie-0090,-0.74969475,-0.29548622,1
train,client-charlie,client-charlie-0091,0.0217262,0.88051614,0
train,client-charlie,client-charlie-0092,0.15956253,-0.06897124,0
train,client-charlie,client-charlie-0093,1.00892775,-1.76250205,1
train,client-charlie,client-charlie-0094,0.10836217,-0.66893625,1
train,client-charlie,client-charlie-0095,0.59821582,-1.34938934,1
train,client-charlie,client-charlie-0096,2.54121025,-0.07179354,1
train,client-charlie,client-charlie-0097,2.7741256,0.25612118,1
train,client-charlie,client-charlie-0098,0.06839861,-0.78636137,1
train,client-charlie,client-charlie-0099,0.25743013,-0.13700398,1
train,client-charlie,client-charlie-0100,1.4687378,2.13991556,1
train,client-charlie,client-charlie-0101,-0.73347093,-0.76069452,1
train,client-charlie,client-charlie-0102,2.52770374,-1.65848053,1
train,client-charlie,client-charlie-0103,-0.08237497,1.92312937,0
train,client-charlie,client-charlie-0104,0.85363286,-1.03642675,1
train,client-charlie,client-charlie-0105,0.9942577,0.28017541,1
train,client-charlie,client-charlie-0106,0.41043183,-1.61111382,1
train,client-charlie,client-charlie-0107,0.75140649,-1.00258113,1
train,client-charlie,client-charlie-0108,0.55508048,0.22435268,0
train,client-charlie,client-charlie-0109,1.51160202,0.05651146,1
train,client-charlie,client-charlie-0110,1.53563282,0.55883446,1
train,client-charlie,client-charlie-0111,1.46643159,1.15283771,1
train,client-charlie,client-charlie-0112,-1.10381503,1.85502169,0
train,client-charlie,client-charlie-0113,0.99519802,-0.90444624,1
train,client-charlie,client-charlie-0114,2.66223326,-1.64106878,1
train,client-charlie,client-charlie-0115,0.45307375,-0.1706992,1
train,client-charlie,client-charlie-0116,0.19281429,1.06616326,0
train,client-charlie,client-charlie-0117,1.33354592,0.43361414,1
train,client-charlie,client-charlie-0118,0.38654839,-0.78721838,0
train,client-charlie,client-charlie-0119,2.58067751,-2.24368217,1
train,client-charlie,client-charlie-0120,1.24758384,-0.04659494,1
test,global-test,test-0001,-1.53321346,-0.46019236,0
test,global-test,test-0002,1.09410265,-0.55596766,1
test,global-test,test-0003,-0.48215305,0.56014114,0
test,global-test,test-0004,-0.66165661,-0.09767154,1
test,global-test,test-0005,-0.00191227,-0.09793004,0
test,global-test,test-0006,0.5363702,1.01382133,0
test,global-test,test-0007,-0.56573808,0.14560537,0
test,global-test,test-0008,-1.42767885,0.15808441,0
test,global-test,test-0009,-1.17271853,-0.86477541,1
test,global-test,test-0010,0.29051868,-0.88988164,1
test,global-test,test-0011,0.19928653,1.38534804,0
test,global-test,test-0012,-2.04249503,0.38147451,0
test,global-test,test-0013,-1.05567304,1.08016812,0
test,global-test,test-0014,-0.68063893,0.39038345,0
test,global-test,test-0015,-1.16404988,-0.4823943,0
test,global-test,test-0016,0.18493949,-0.77823992,0
test,global-test,test-0017,-0.32420998,1.02643826,1
test,global-test,test-0018,-0.58553413,-2.81980968,1
test,global-test,test-0019,0.71392643,0.48334325,1
test,global-test,test-0020,0.09753556,0.1895422,1
test,global-test,test-0021,-0.95702305,-0.6385542,0
test,global-test,test-0022,0.71144932,0.48445406,1
test,global-test,test-0023,-0.65722963,1.49656599,0
test,global-test,test-0024,-0.543089,1.81480675,0
test,global-test,test-0025,0.90879767,-0.41774928,1
test,global-test,test-0026,-0.73444647,-0.97233256,0
test,global-test,test-0027,0.01485844,-0.47892332,1
test,global-test,test-0028,0.61511397,2.16209122,0
test,global-test,test-0029,0.31305907,-0.77855558,1
test,global-test,test-0030,-0.42349522,-1.44773264,1
test,global-test,test-0031,0.53304596,-1.02698804,1
test,global-test,test-0032,1.19975154,0.3994987,1
test,global-test,test-0033,-2.41494161,-1.19355673,0
test,global-test,test-0034,0.44347863,1.1562214,0
test,global-test,test-0035,-0.0287712,-1.58698586,1
test,global-test,test-0036,1.67901954,-0.63642544,1
test,global-test,test-0037,-1.14417809,1.31567602,0
test,global-test,test-0038,-0.95464873,0.49989869,0
test,global-test,test-0039,-2.64342473,-0.56169518,0
test,global-test,test-0040,3.00413996,1.75545053,1
test,global-test,test-0041,-0.45055278,1.49109695,0
test,global-test,test-0042,-1.86601929,0.01026749,0
test,global-test,test-0043,1.37840048,1.4252781,0
test,global-test,test-0044,0.30527744,2.3475896,0
test,global-test,test-0045,1.42992221,0.59583106,0
test,global-test,test-0046,-0.30580416,-2.0776354,1
test,global-test,test-0047,0.51773219,0.97638057,0
test,global-test,test-0048,-1.77278117,0.76446377,0
test,global-test,test-0049,1.57589146,-0.26463499,1
test,global-test,test-0050,-1.14509026,0.18006284,0
test,global-test,test-0051,-0.12333217,-0.40126857,1
test,global-test,test-0052,-0.27288298,-1.02159108,0
test,global-test,test-0053,1.57048647,1.01296984,1
test,global-test,test-0054,0.06667989,-0.89831871,1
test,global-test,test-0055,0.17487232,0.74038762,1
test,global-test,test-0056,0.97494788,-1.13546927,0
test,global-test,test-0057,-0.64968792,0.1643477,1
test,global-test,test-0058,-1.32341535,1.35557435,0
test,global-test,test-0059,-1.87333926,0.2978643,0
test,global-test,test-0060,-1.08845561,0.33959303,0
test,global-test,test-0061,-0.03143642,-0.58760263,1
test,global-test,test-0062,-0.26702233,0.04469103,0
test,global-test,test-0063,-1.04663619,0.16435631,0
test,global-test,test-0064,-1.07887102,-0.05418831,0
test,global-test,test-0065,-0.73841384,1.69652975,0
test,global-test,test-0066,-0.91795537,2.20066901,0
test,global-test,test-0067,-0.64383113,-1.36926171,1
test,global-test,test-0068,1.01854124,-0.28566473,1
test,global-test,test-0069,-0.1434303,-0.69614079,1
test,global-test,test-0070,0.41016089,2.28881564,0
test,global-test,test-0071,1.1555138,-0.60521764,1
test,global-test,test-0072,-4.15870739,0.23908374,0
test,global-test,test-0073,-1.26016258,-1.94829273,1
test,global-test,test-0074,-0.81827666,0.63688009,0
test,global-test,test-0075,0.25759925,-1.01737699,0
test,global-test,test-0076,-0.61537067,-1.18045016,1
test,global-test,test-0077,-0.31152342,-2.23718595,1
test,global-test,test-0078,0.35222731,0.77218279,0
test,global-test,test-0079,0.87091428,-0.75063468,1
test,global-test,test-0080,0.10765992,-1.39656946,1
test,global-test,test-0081,2.50750836,-1.27227615,1
test,global-test,test-0082,-1.38521253,0.52177397,0
test,global-test,test-0083,2.00049156,1.6061315,0
test,global-test,test-0084,0.26642418,-1.25861285,1
test,global-test,test-0085,0.16702733,1.24262883,0
test,global-test,test-0086,0.08994369,-0.69544319,1
test,global-test,test-0087,0.41396046,-1.38476741,1
test,global-test,test-0088,1.23293371,1.23746177,0
test,global-test,test-0089,0.17048748,1.33249243,0
test,global-test,test-0090,-0.63021683,1.31345586,0
test,global-test,test-0091,1.24883077,0.48212965,1
test,global-test,test-0092,-0.50015385,-2.72984733,1
test,global-test,test-0093,0.36200657,0.60780796,0
test,global-test,test-0094,0.96953067,0.72909319,0
test,global-test,test-0095,-0.84362463,1.16798438,0
test,global-test,test-0096,0.55961238,-0.10138959,0
test,global-test,test-0097,-0.74771721,0.703029,0
test,global-test,test-0098,-0.9478249,0.47025011,1
test,global-test,test-0099,-1.9087587,3.2479732,0
test,global-test,test-0100,-1.27507057,1.0557584,0
test,global-test,test-0101,0.5522424,1.43178167,0
test,global-test,test-0102,-1.03342437,1.51718777,0
test,global-test,test-0103,-1.32696026,0.35549095,1
test,global-test,test-0104,2.02955607,1.36365621,1
test,global-test,test-0105,-0.04217648,-1.41000985,1
test,global-test,test-0106,1.09166117,1.94363876,0
test,global-test,test-0107,-1.65441566,-0.5495028,0
test,global-test,test-0108,-0.09531501,2.1214464,0
test,global-test,test-0109,1.15939302,0.90872113,1
test,global-test,test-0110,1.12210348,-2.48691994,1
test,global-test,test-0111,-0.98278769,0.9541228,0
test,global-test,test-0112,-0.46951551,-2.04533347,1
test,global-test,test-0113,0.02891402,2.67253461,0
test,global-test,test-0114,1.57862342,-1.6291225,1
test,global-test,test-0115,0.51042674,-0.39650871,1
test,global-test,test-0116,-0.26716453,-1.22277328,1
test,global-test,test-0117,0.33957724,2.53003097,0
test,global-test,test-0118,-0.48429779,0.55046271,0
test,global-test,test-0119,-1.51930135,-0.05167356,0
test,global-test,test-0120,0.13606808,0.79356495,1
test,global-test,test-0121,-0.71916029,0.86660109,0
test,global-test,test-0122,0.43986565,-0.43702927,1
test,global-test,test-0123,-1.14627878,-0.51466084,0
test,global-test,test-0124,0.74304941,-1.83707925,1
test,global-test,test-0125,-0.01693965,1.47514278,0
test,global-test,test-0126,-0.41393319,-0.37612448,0
test,global-test,test-0127,0.28621413,-1.24010754,1
test,global-test,test-0128,2.17695684,-0.48869413,1
test,global-test,test-0129,-1.48638719,1.73461012,0
test,global-test,test-0130,-0.10599045,-1.4357207,1
test,global-test,test-0131,0.90995734,1.13607233,0
test,global-test,test-0132,-0.95538659,1.39784952,1
test,global-test,test-0133,0.66206471,-0.0045115,1
test,global-test,test-0134,0.9340839,0.07532632,1
test,global-test,test-0135,0.85087519,0.56606478,1
test,global-test,test-0136,-0.01543536,-2.45110369,1
test,global-test,test-0137,1.17170953,0.85739092,1
test,global-test,test-0138,0.58985854,-0.8804964,1
test,global-test,test-0139,-1.1141781,-0.76809898,1
test,global-test,test-0140,-0.65176397,1.64543704,0
test,global-test,test-0141,-0.0658178,2.12620743,0
test,global-test,test-0142,1.48182832,0.0963715,1
test,global-test,test-0143,2.01509461,0.41091358,1
test,global-test,test-0144,0.71968792,0.44457794,1
test,global-test,test-0145,-1.37403529,-1.23028693,0
test,global-test,test-0146,1.29866239,1.64085885,1
test,global-test,test-0147,1.57416914,0.22522633,1
test,global-test,test-0148,-2.38672409,-2.94991581,1
test,global-test,test-0149,-1.09985003,-0.38261006,0
test,global-test,test-0150,-0.17649375,1.70639458,0
test,global-test,test-0151,-1.43378401,0.41448928,0
test,global-test,test-0152,-2.59650601,1.06912019,0
test,global-test,test-0153,-2.0093562,-1.70728178,0
test,global-test,test-0154,-0.19807589,0.40723406,1
test,global-test,test-0155,0.67090641,-1.47512296,0
test,global-test,test-0156,-1.23281159,0.13632933,0
test,global-test,test-0157,-1.63563135,0.14134239,0
test,global-test,test-0158,1.18032962,-0.33911509,1
test,global-test,test-0159,1.77678963,0.54962299,1
test,global-test,test-0160,0.6284123,-2.78370369,1
test,global-test,test-0161,2.36134607,3.04158326,0
test,global-test,test-0162,-1.88307529,2.11597744,0
test,global-test,test-0163,0.45543842,2.59606573,0
test,global-test,test-0164,-0.45340679,-0.76656951,1
test,global-test,test-0165,0.29530699,-0.73991839,0
test,global-test,test-0166,2.51307332,0.87788898,1
test,global-test,test-0167,0.73486043,0.6142275,0
test,global-test,test-0168,-1.68448096,-0.13659357,0
test,global-test,test-0169,1.0834209,0.48440352,1
test,global-test,test-0170,0.32197775,0.28759292,1
test,global-test,test-0171,0.04356467,-1.94291778,1
test,global-test,test-0172,0.47108803,0.04288407,1
test,global-test,test-0173,2.05979168,0.50611459,1
test,global-test,test-0174,-0.21290748,0.74857496,0
test,global-test,test-0175,-0.89785695,0.59905541,0
test,global-test,test-0176,0.77552559,-0.65901216,1
test,global-test,test-0177,-0.36609253,-0.49883659,0
test,global-test,test-0178,-0.95431326,0.5461757,0
test,global-test,test-0179,-1.42909839,-0.84005256,0
test,global-test,test-0180,2.63276202,0.61707418,1
test,global-test,test-0181,-0.39959608,-1.50200145,1
test,global-test,test-0182,-0.23402754,-0.85794448,1
test,global-test,test-0183,0.88823516,0.28374842,1
test,global-test,test-0184,1.35388659,-0.95251713,1
test,global-test,test-0185,-0.91717027,1.5449163,0
test,global-test,test-0186,-0.63934925,-2.34997867,1
test,global-test,test-0187,-1.1801508,-1.57745434,1
test,global-test,test-0188,-1.02067197,0.84811665,0
test,global-test,test-0189,-0.53146913,1.25931531,0
test,global-test,test-0190,0.84740907,0.63230339,1
test,global-test,test-0191,0.47732672,1.05931389,0
test,global-test,test-0192,-1.5074139,1.42752077,0
test,global-test,test-0193,1.20791153,-1.21955531,1
test,global-test,test-0194,0.32681401,0.56507744,1
test,global-test,test-0195,0.9401368,-1.35844363,1
test,global-test,test-0196,-0.12904827,1.00470823,0
test,global-test,test-0197,-0.7011916,0.31648088,0
test,global-test,test-0198,0.01046505,-0.2098312,1
test,global-test,test-0199,0.94544286,-2.49020158,1
test,global-test,test-0200,-1.0778418,0.05829236,0
test,global-test,test-0201,-0.31185782,-1.0198338,1
test,global-test,test-0202,0.56417371,0.36968817,1
test,global-test,test-0203,0.99489654,0.12327106,1
test,global-test,test-0204,-0.07421178,0.05141466,1
test,global-test,test-0205,1.75885138,0.79107632,0
test,global-test,test-0206,-2.04032366,1.04832571,0
test,global-test,test-0207,0.17247294,-1.39576827,1
test,global-test,test-0208,0.40312015,-0.15297648,1
test,global-test,test-0209,-0.24755685,0.90768813,0
test,global-test,test-0210,0.78311589,-2.63506745,1
test,global-test,test-0211,-0.24202165,-0.84111243,0
test,global-test,test-0212,-1.37305309,1.39616645,0
test,global-test,test-0213,0.86635899,-1.53976016,1
test,global-test,test-0214,-1.43041394,-0.45027466,0
test,global-test,test-0215,0.36637751,0.10357839,1
test,global-test,test-0216,1.05011445,0.90169363,0
test,global-test,test-0217,0.2922557,0.2566902,0
test,global-test,test-0218,1.06896758,1.58946622,1
test,global-test,test-0219,-2.36215631,-0.52465644,0
test,global-test,test-0220,0.20641021,0.19950223,0
test,global-test,test-0221,-0.36170139,1.01734196,0
test,global-test,test-0222,1.64775679,2.05164814,0
test,global-test,test-0223,-1.14493082,-1.26521919,0
test,global-test,test-0224,-1.57094747,-1.18243585,1
test,global-test,test-0225,0.50233851,0.29708513,1
test,global-test,test-0226,0.15925155,-0.8956272,0
test,global-test,test-0227,1.93980865,1.06069312,0
test,global-test,test-0228,-0.90785148,-0.38374243,0
test,global-test,test-0229,0.01265201,0.82774164,0
test,global-test,test-0230,0.52729246,-0.26050204,1
test,global-test,test-0231,0.22392312,0.80402554,1
test,global-test,test-0232,-0.71070595,0.56291816,0
test,global-test,test-0233,-1.04316326,-0.64507351,1
test,global-test,test-0234,0.63857736,-0.91099654,1
test,global-test,test-0235,1.57535784,-0.32172994,1
test,global-test,test-0236,-0.07246969,-0.36082422,1
test,global-test,test-0237,-0.39412906,-0.15711241,0
test,global-test,test-0238,0.01283447,0.69115065,0
test,global-test,test-0239,1.19281634,-0.36851666,1
test,global-test,test-0240,-3.63688728,-2.76467974,0
test,global-test,test-0241,0.91150962,0.72385012,1
test,global-test,test-0242,1.48501409,-1.82295903,1
test,global-test,test-0243,-0.19235052,-0.70280809,1
test,global-test,test-0244,0.47120587,-0.43040584,0
test,global-test,test-0245,-1.0160349,1.76871873,0
test,global-test,test-0246,-1.92226037,-0.17414556,0
test,global-test,test-0247,0.1711251,-2.24305291,1
test,global-test,test-0248,0.29006719,-0.90617231,1
test,global-test,test-0249,-0.11154835,-1.68501928,1
test,global-test,test-0250,-0.08248241,-0.87406054,1
test,global-test,test-0251,0.15789439,0.46571913,0
test,global-test,test-0252,-1.18699317,2.00681628,0
test,global-test,test-0253,-0.78889053,0.40479861,0
test,global-test,test-0254,-0.73539551,0.70862909,0
test,global-test,test-0255,0.91345838,-1.10275169,0
test,global-test,test-0256,0.72434356,-2.08682034,1
test,global-test,test-0257,-1.45963593,0.51135532,0
test,global-test,test-0258,0.81879709,-1.90959875,1
test,global-test,test-0259,0.49117328,0.99125607,0
test,global-test,test-0260,0.08462277,-0.81372081,1
test,global-test,test-0261,-2.40529702,-0.1367095,0
test,global-test,test-0262,0.48773652,-0.30688696,0
test,global-test,test-0263,0.01693652,2.21088097,0
test,global-test,test-0264,0.99002839,-1.09220506,1
test,global-test,test-0265,-0.70108954,0.50294825,0
test,global-test,test-0266,0.30823751,-1.43321886,1
test,global-test,test-0267,0.17927418,-0.07781202,1
test,global-test,test-0268,-0.41904103,3.81410046,0
test,global-test,test-0269,-1.43986052,0.38625152,0
test,global-test,test-0270,0.43474084,-1.56016759,1
test,global-test,test-0271,-0.88666143,-1.45957115,1
test,global-test,test-0272,-1.4386773,0.62222157,0
test,global-test,test-0273,1.09123713,0.21517894,1
test,global-test,test-0274,0.15571474,-0.73331938,1
test,global-test,test-0275,0.78891438,-0.30065202,1
test,global-test,test-0276,-2.20310603,-3.32552162,1
test,global-test,test-0277,-0.28564099,-0.05961566,1
test,global-test,test-0278,-1.44619734,0.97133653,0
test,global-test,test-0279,0.04442835,0.78176216,0
test,global-test,test-0280,-0.98692821,-0.07500067,0
test,global-test,test-0281,1.53222713,1.25739487,1
test,global-test,test-0282,0.01269513,-0.20916824,1
test,global-test,test-0283,0.09220563,-1.61784869,1
test,global-test,test-0284,0.5798698,-1.24447003,1
test,global-test,test-0285,0.21670721,-0.45460162,1
test,global-test,test-0286,-0.17445537,-0.30827408,1
test,global-test,test-0287,-0.36382121,-1.12572406,1
test,global-test,test-0288,0.74931232,2.81536827,0
test,global-test,test-0289,-1.31692589,-3.1791903,1
test,global-test,test-0290,-0.94071816,-0.53537914,1
test,global-test,test-0291,0.30402859,0.83203841,0
test,global-test,test-0292,-0.75209115,0.63551906,1
test,global-test,test-0293,-0.65852406,-0.60881051,0
test,global-test,test-0294,-1.26159108,-2.04119671,1
test,global-test,test-0295,-0.49276672,-0.74198947,0
test,global-test,test-0296,1.89113111,0.68117451,1
test,global-test,test-0297,0.16213328,-1.2825512,1
test,global-test,test-0298,-0.762671,0.76808904,0
test,global-test,test-0299,-0.70225014,0.49679029,0
test,global-test,test-0300,0.45290623,0.82144687,0
test,global-test,test-0301,0.05817201,1.80617603,0
test,global-test,test-0302,0.93051817,-0.74434463,1
test,global-test,test-0303,1.81959319,1.5942221,0
test,global-test,test-0304,2.8197448,0.25221064,1
test,global-test,test-0305,0.59195146,2.0919983,1
test,global-test,test-0306,1.61424748,-0.77036795,1
test,global-test,test-0307,-0.15115721,0.34160861,0
test,global-test,test-0308,-0.08912376,-0.07451535,1
test,global-test,test-0309,0.09315525,-0.50490763,1
test,global-test,test-0310,0.47976051,-1.15607654,1
test,global-test,test-0311,0.75001843,1.68696459,1
test,global-test,test-0312,-0.35258238,-0.72533176,0
test,global-test,test-0313,0.73930829,0.27564518,1
test,global-test,test-0314,0.86961554,0.01101117,0
test,global-test,test-0315,0.52958927,1.05696447,1
test,global-test,test-0316,1.93241208,-0.30906376,1
test,global-test,test-0317,-0.67746726,1.84900862,0
test,global-test,test-0318,0.04837347,-1.29095504,1
test,global-test,test-0319,-1.2868679,0.26383903,1
test,global-test,test-0320,0.94708894,0.25967345,1
test,global-test,test-0321,0.56445897,-1.88601215,1
test,global-test,test-0322,1.09683366,-0.51114265,1
test,global-test,test-0323,0.16774351,0.1574884,0
test,global-test,test-0324,-0.14068055,0.95305931,0
test,global-test,test-0325,-0.42603678,-1.13182509,1
test,global-test,test-0326,-0.70717241,-0.09005017,0
test,global-test,test-0327,0.27003891,0.91921806,0
test,global-test,test-0328,2.1068589,-2.31990431,1
test,global-test,test-0329,-0.39053136,-0.82996221,1
test,global-test,test-0330,0.38354128,1.15678304,1
test,global-test,test-0331,0.76745657,-0.05441268,1
test,global-test,test-0332,1.82492898,0.94124025,1
test,global-test,test-0333,0.62011237,-1.02183503,1
test,global-test,test-0334,-0.98624041,-0.71167814,0
test,global-test,test-0335,0.80329191,0.80840236,1
test,global-test,test-0336,0.67973372,-0.95676836,0
test,global-test,test-0337,-0.96547525,0.70916765,1
test,global-test,test-0338,0.93351789,-1.38813842,1
test,global-test,test-0339,-0.73973946,-0.29298458,1
test,global-test,test-0340,0.07769056,0.37980322,1
test,global-test,test-0341,0.59498671,0.29404064,1
test,global-test,test-0342,0.73509057,0.35729061,1
test,global-test,test-0343,-0.84803702,-1.60411139,1
test,global-test,test-0344,-1.88235761,-0.13460169,0
test,global-test,test-0345,0.72871733,-1.20181067,1
test,global-test,test-0346,-0.87130439,0.52346727,0
test,global-test,test-0347,1.86381841,-0.67407495,1
test,global-test,test-0348,-0.44420127,0.60064663,0
test,global-test,test-0349,1.0698705,1.11669641,0
test,global-test,test-0350,-1.30839979,0.41605638,0
test,global-test,test-0351,-0.3308928,-0.86133836,0
test,global-test,test-0352,2.3390503,-3.22470708,1
test,global-test,test-0353,0.31912255,1.27050045,0
test,global-test,test-0354,0.28517318,-1.70043655,1
test,global-test,test-0355,-0.52000475,-1.34875816,1
test,global-test,test-0356,0.58636198,1.00021886,1
test,global-test,test-0357,-0.37466905,0.21836923,1
test,global-test,test-0358,-0.25042229,-0.03373903,0
test,global-test,test-0359,1.23543834,0.76383769,0
test,global-test,test-0360,-0.15471527,0.29351105,1
